    29.976331    -29.144482    -11.960622      6.227000 
    29.976343    -29.126041    -11.911815      6.317000 
    29.976354    -29.107610    -11.863007      6.380000 
    29.976366    -29.089186    -11.814196      5.625000 
    29.976377    -29.070770    -11.765383      6.064000 
    29.976389    -29.052362    -11.716568      6.524000 
    29.976400    -29.033962    -11.667752      6.104000 
    29.976412    -29.015572    -11.618933      6.400000 
    29.976424    -28.997189    -11.570112      6.380000 
    29.976435    -28.978811    -11.521290      6.327000 
    29.976447    -28.960443    -11.472465      6.504000 
    29.976458    -28.942081    -11.423639      6.327000 
    29.976470    -28.923729    -11.374810      5.789001 
    29.976481    -28.905384    -11.325980      6.114000 
    29.976493    -28.887047    -11.277148      5.961000 
    29.976505    -28.868715    -11.228314      6.287000 
    29.976516    -28.850393    -11.179478      6.197000 
    29.976528    -28.832079    -11.130640      6.874001 
    29.976539    -28.813770    -11.081801      6.277000 
    29.976551    -28.795470    -11.032959      6.340000 
    29.976562    -28.777178    -10.984116      6.194000 
    29.976574    -28.758890    -10.935270      5.911000 
    29.976586    -28.740614    -10.886423      5.627000 
    29.976597    -28.722342    -10.837575      5.869000 
    29.976609    -28.704079    -10.788724      5.859000 
    29.976620    -28.685822    -10.739871      5.555000 
    29.976632    -28.667574    -10.691017      6.054000 
    29.976644    -28.649330    -10.642161      6.174000 
    29.976655    -28.631096    -10.593303      5.413000 
    29.976667    -28.612867    -10.544444      5.463000 
    29.976678    -28.594646    -10.495582      4.886000 
    29.976690    -28.576433    -10.446719      5.136000 
    29.976701    -28.558226    -10.397854      5.625000 
    29.976713    -28.540026    -10.348988      4.690000 
    29.976725    -28.521832    -10.300119      4.467000 
    29.976736    -28.503647    -10.251249      4.786000 
    29.976748    -28.485468    -10.202378      4.866000 
    29.976759    -28.467295    -10.153504      4.514000 
    29.976771    -28.449127    -10.104629      4.620000 
    29.976782    -28.430970    -10.055752      4.826000 
    29.976794    -28.412815    -10.006874      4.700000 
    29.976806    -28.394670     -9.957994      4.806000 
    29.976817    -28.376532     -9.909112      4.886000 
    29.976829    -28.358398     -9.860228      5.096000 
    29.976840    -28.340273     -9.811343      4.941001 
    29.976852    -28.322153     -9.762456      5.196000 
    29.976863    -28.304040     -9.713568      5.393000 
    29.976875    -28.285933     -9.664678      5.279000 
    29.976887    -28.267834     -9.615787      5.116000 
    29.976898    -28.249739     -9.566894      5.767000 
    29.976910    -28.231651     -9.517999      5.031000 
    29.976921    -28.213570     -9.469102      5.086000 
    29.976933    -28.195496     -9.420205      5.096000 
    29.976944    -28.177425     -9.371305      5.011000 
    29.976956    -28.159365     -9.322404      5.309000 
    29.976968    -28.141308     -9.273502      5.575000 
    29.976979    -28.123257     -9.224598      5.687000 
    29.976991    -28.105213     -9.175692      5.126000 
    29.977002    -28.087175     -9.126785      5.339000 
    29.977014    -28.069143     -9.077876      5.413000 
    29.977025    -28.051117     -9.028966      5.859000 
    29.977037    -28.033096     -8.980054      5.363000 
    29.977049    -28.015081     -8.931141      5.819000 
    34.470417    -31.828272     -8.033233      7.955000 
    34.470428    -31.810362     -8.082167      8.836000 
    34.470440    -31.792444     -8.131100      9.557000 
    34.470451    -31.774525     -8.180031      9.214001 
    34.470463    -31.756598     -8.228961      9.601001 
    34.470475    -31.738665     -8.277890      9.244000 
    34.470486    -31.720728     -8.326818      9.386001 
    34.470498    -31.702784     -8.375744      9.774000 
    34.470509    -31.684835     -8.424669      9.457001 
    34.470521    -31.666880     -8.473592      9.356001 
    34.470532    -31.648920     -8.522514      9.386001 
    34.470544    -31.630955     -8.571434      9.436001 
    34.470556    -31.612984     -8.620353      9.346001 
    34.470567    -31.595007     -8.669271      9.316000 
    34.470579    -31.577024     -8.718187      9.457001 
    34.470590    -31.559036     -8.767102      9.154000 
    34.470602    -31.541042     -8.816016      9.194000 
    34.470613    -31.523043     -8.864928      8.884001 
    34.470625    -31.505037     -8.913838      8.696000 
    34.470637    -31.487024     -8.962747      8.826000 
    34.470648    -31.469007     -9.011654      9.004001 
    34.470660    -31.450983     -9.060560      8.588000 
    34.470671    -31.432955     -9.109465      9.214001 
    34.470683    -31.414920     -9.158368      8.540000 
    34.470694    -31.396877     -9.207269      8.608001 
    34.470706    -31.378832     -9.256169      9.517000 
    34.470718    -31.360777     -9.305068      9.214001 
    34.470729    -31.342716     -9.353965      9.124001 
    34.470741    -31.324652     -9.402860      8.668000 
    34.470752    -31.306580     -9.451754      8.372001 
    34.470764    -31.288502     -9.500646      8.065001 
    34.470775    -31.270416     -9.549537      8.864000 
    34.470787    -31.252325     -9.598426      8.914001 
    34.470799    -31.234226     -9.647313      9.306001 
    34.470810    -31.216124     -9.696199      8.844001 
    34.470822    -31.198013     -9.745084      8.382000 
    34.470833    -31.179895     -9.793966      9.104000 
    34.470845    -31.161774     -9.842847      8.816000 
    34.470856    -31.143642     -9.891727      8.816000 
    34.470868    -31.125507     -9.940604      8.558001 
    34.470880    -31.107365     -9.989481      8.924001 
    34.470891    -31.089214    -10.038355      8.342000 
    34.470903    -31.071058    -10.087228      7.937000 
    34.470914    -31.052895    -10.136099      7.887001 
    34.470926    -31.034725    -10.184968      8.382000 
    34.470938    -31.016548    -10.233836      8.420000 
    34.470949    -30.998365    -10.282702      8.638001 
    34.470961    -30.980177    -10.331566      8.706000 
    34.470972    -30.961979    -10.380429      8.558001 
    34.470984    -30.943775    -10.429290      8.470000 
    34.470995    -30.925564    -10.478149      8.184000 
    34.471007    -30.907347    -10.527006      8.430000 
    34.471019    -30.889120    -10.575862      8.944000 
    34.471030    -30.870890    -10.624716      8.954000 
    34.471042    -30.852650    -10.673568      8.826000 
    34.471053    -30.834404    -10.722418      8.904000 
    34.471065    -30.816150    -10.771267      9.014001 
    34.471076    -30.797890    -10.820113      8.440001 
    34.471088    -30.779621    -10.868958      9.054001 
    34.471100    -30.761347    -10.917801      9.204000 
    34.471111    -30.743065    -10.966642      8.816000 
    34.471123    -30.724775    -11.015482      9.264001 
    34.471134    -30.706478    -11.064319      9.296000 
    34.471146    -30.688173    -11.113155      8.706000 
    34.471157    -30.669863    -11.161989      8.578000 
    34.471169    -30.651543    -11.210821      9.214001 
    34.471181    -30.633215    -11.259651      8.726001 
    34.471192    -30.614882    -11.308479      8.974000 
    34.471204    -30.596539    -11.357306      8.618000 
    34.471215    -30.578190    -11.406130      8.184000 
    34.471227    -30.559832    -11.454953      8.352000 
    34.471238    -30.541466    -11.503773      8.312000 
    34.471250    -30.523092    -11.552592      8.530001 
    34.471262    -30.504713    -11.601409      8.500000 
    34.471273    -30.486324    -11.650223      8.530001 
    34.471285    -30.467928    -11.699036      8.430000 
    34.471296    -30.449524    -11.747847      8.500000 
    34.471308    -30.431112    -11.796656      8.184000 
    34.471319    -30.412691    -11.845463      8.736000 
    34.471331    -30.394264    -11.894268      8.530001 
    34.471343    -30.375828    -11.943071      8.184000 
    34.471354    -30.357384    -11.991871      8.696000 
    36.925081    -31.991117    -11.990495      7.361001 
    36.925093    -31.972673    -11.941689      7.147000 
    36.925104    -31.954235    -11.892881      7.590000 
    36.925116    -31.935808    -11.844072      7.107000 
    36.925127    -31.917387    -11.795260      6.420000 
    36.925139    -31.898975    -11.746446      7.197000 
    36.925150    -31.880570    -11.697630      6.194000 
    36.925162    -31.862173    -11.648812      8.480000 
    36.925174    -31.843784    -11.599993      6.784000 
    36.925185    -31.825403    -11.551171      7.550000 
    36.925197    -31.807030    -11.502348      7.207000 
    36.925208    -31.788664    -11.453522      6.584000 
    36.925220    -31.770308    -11.404695      6.894000 
    36.925231    -31.751957    -11.355865      7.560000 
    36.925243    -31.733614    -11.307034      7.050000 
    36.925255    -31.715279    -11.258201      6.041000 
    36.925266    -31.696950    -11.209366      5.961000 
    36.925278    -31.678633    -11.160529      6.001000 
    36.925289    -31.660318    -11.111690      6.064000 
    36.925301    -31.642014    -11.062849      6.287000 
    36.925312    -31.623716    -11.014007      6.114000 
    36.925324    -31.605427    -10.965162      6.410000 
    36.925336    -31.587145    -10.916316      6.340000 
    36.925347    -31.568869    -10.867468      6.104000 
    36.925359    -31.550600    -10.818618      6.360000 
    36.925370    -31.532340    -10.769767      6.370000 
    36.925382    -31.514086    -10.720913      6.084000 
    36.925394    -31.495838    -10.672058      6.340000 
    36.925405    -31.477598    -10.623201      5.991000 
    36.925417    -31.459366    -10.574342      5.961000 
    36.925428    -31.441141    -10.525482      5.647000 
    36.925440    -31.422922    -10.476619      5.769000 
    36.925451    -31.404710    -10.427755      6.337000 
    36.925463    -31.386507    -10.378890      5.879000 
    36.925475    -31.368310    -10.330022      6.064000 
    36.925486    -31.350119    -10.281153      5.889000 
    36.925498    -31.331936    -10.232282      5.717001 
    36.925509    -31.313759    -10.183409      5.789001 
    36.925521    -31.295588    -10.134535      5.839000 
    36.925532    -31.277426    -10.085659      6.564000 
    36.925544    -31.259268    -10.036781      6.001000 
    36.925556    -31.241117     -9.987902      6.484000 
    36.925567    -31.222975     -9.939021      6.769000 
    36.925579    -31.204838     -9.890138      6.689000 
    36.925590    -31.186708     -9.841254      6.679000 
    36.925602    -31.168585     -9.792368      6.774000 
    36.925613    -31.150467     -9.743480      6.759000 
    36.925625    -31.132357     -9.694591      6.574000 
    36.925637    -31.114252     -9.645700      7.540000 
    36.925648    -31.096153     -9.596808      6.914001 
    36.925660    -31.078062     -9.547914      6.769000 
    36.925671    -31.059977     -9.499018      7.401001 
    36.925683    -31.041899     -9.450121      7.040000 
    36.925694    -31.023825     -9.401222      7.197000 
    36.925706    -31.005758     -9.352322      7.030000 
    36.925718    -30.987700     -9.303420      7.324000 
    36.925729    -30.969645     -9.254516      7.137001 
    36.925741    -30.951597     -9.205612      7.067000 
    36.925752    -30.933556     -9.156705      7.274000 
    36.925764    -30.915520     -9.107797      6.990000 
    36.925775    -30.897490     -9.058888      7.067000 
    36.925787    -30.879465     -9.009977      7.314000 
    36.925799    -30.861446     -8.961064      6.960000 
    36.925810    -30.843435     -8.912150      7.167000 
    36.925822    -30.825430     -8.863235      7.077000 
    36.925833    -30.807428     -8.814318      7.214000 
    36.925845    -30.789434     -8.765400      7.177001 
    36.925856    -30.771444     -8.716480      6.920001 
    36.925868    -30.753462     -8.667559      7.067000 
    36.925880    -30.735485     -8.618636      7.197000 
    36.925891    -30.717512     -8.569712      7.167000 
    36.925903    -30.699547     -8.520787      7.431000 
    36.925914    -30.681587     -8.471860      7.077000 
    36.925926    -30.663631     -8.422931      7.274000 
    36.925937    -30.645683     -8.374002      7.847001 
    36.925949    -30.627739     -8.325071      7.344000 
    36.925961    -30.609800     -8.276138      6.904000 
    36.925972    -30.591867     -8.227204      7.077000 
    36.925984    -30.573940     -8.178269      7.658000 
    36.925995    -30.556019     -8.129333      7.620000 
    36.926007    -30.538101     -8.080395      7.097000 
    36.926019    -30.520190     -8.031456      7.530000 
    37.437303    -28.991266     -8.039133      7.294000 
    37.437315    -28.973356     -8.088067      7.798000 
    37.437326    -28.955440     -8.137000      7.658000 
    37.437338    -28.937517     -8.185932      7.401001 
    37.437350    -28.919592     -8.234862      7.640000 
    37.437361    -28.901659     -8.283791      7.907000 
    37.437373    -28.883720     -8.332719      7.678000 
    37.437384    -28.865778     -8.381645      7.778000 
    37.437396    -28.847830     -8.430570      7.867001 
    37.437407    -28.829874     -8.479494      7.897000 
    37.437419    -28.811914     -8.528416      7.334000 
    37.437431    -28.793950     -8.577337      8.065001 
    37.437442    -28.775978     -8.626256      7.758000 
    37.437454    -28.758001     -8.675174      7.807000 
    37.437465    -28.740019     -8.724090      7.937000 
    37.437477    -28.722030     -8.773005      8.352000 
    37.437488    -28.704037     -8.821919      7.768001 
    37.437500    -28.686035     -8.870831      8.144000 
    37.437512    -28.668030     -8.919742      8.548000 
    37.437523    -28.650019     -8.968651      8.005000 
    37.437535    -28.632002     -9.017559      7.927001 
    37.437546    -28.613977     -9.066465      8.450001 
    37.437558    -28.595947     -9.115370      7.927001 
    37.437569    -28.577911     -9.164273      7.847001 
    37.437581    -28.559872     -9.213174      8.540000 
    37.437593    -28.541822     -9.262075      8.184000 
    37.437604    -28.523770     -9.310973      7.778000 
    37.437616    -28.505709     -9.359870      7.411000 
    37.437627    -28.487642     -9.408766      8.234000 
    37.437639    -28.469570     -9.457660      8.194000 
    37.437650    -28.451492     -9.506552      7.807000 
    37.437662    -28.433407     -9.555443      7.917000 
    37.437674    -28.415316     -9.604332      8.025001 
    37.437685    -28.397219     -9.653220      8.558001 
    37.437697    -28.379114     -9.702106      7.688000 
    37.437708    -28.361004     -9.750991      7.630001 
    37.437720    -28.342888     -9.799873      7.354001 
    37.437731    -28.324762     -9.848755      8.134001 
    37.437743    -28.306633     -9.897634      8.252001 
    37.437755    -28.288498     -9.946512      7.708000 
    37.437766    -28.270353     -9.995388      7.381000 
    37.437778    -28.252205    -10.044263      7.857000 
    37.437789    -28.234047    -10.093136      7.640000 
    37.437801    -28.215883    -10.142007      7.965000 
    37.437813    -28.197714    -10.190877      7.510000 
    37.437824    -28.179539    -10.239745      7.917000 
    37.437836    -28.161354    -10.288611      7.798000 
    37.437847    -28.143164    -10.337476      8.015000 
    37.437859    -28.124966    -10.386338      7.907000 
    37.437870    -28.106762    -10.435199      8.085000 
    37.437882    -28.088550    -10.484059      8.194000 
    37.437894    -28.070333    -10.532916      8.244000 
    37.437905    -28.052109    -10.581772      8.382000 
    37.437917    -28.033876    -10.630626      8.678000 
    37.437928    -28.015636    -10.679478      8.382000 
    39.891968    -29.154408    -11.985200      6.534000 
    39.891979    -29.135963    -11.936394      6.574000 
    39.891991    -29.117529    -11.887586      6.287000 
    39.892002    -29.099100    -11.838776      6.267000 
    39.892014    -29.080680    -11.789963      7.127000 
    39.892025    -29.062270    -11.741149      7.167000 
    39.892037    -29.043865    -11.692333      6.051000 
    39.892049    -29.025469    -11.643515      7.177001 
    39.892060    -29.007080    -11.594695      7.264000 
    39.892072    -28.988700    -11.545873      6.534000 
    39.892083    -28.970327    -11.497049      6.914001 
    39.892095    -28.951962    -11.448223      6.629000 
    39.892106    -28.933605    -11.399395      7.020001 
    39.892118    -28.915255    -11.350566      7.471000 
    39.892130    -28.896914    -11.301734      7.167000 
    39.892141    -28.878578    -11.252901      7.244000 
    39.892153    -28.860252    -11.204065      7.708000 
    39.892164    -28.841932    -11.155228      7.020001 
    39.892176    -28.823620    -11.106389      8.114000 
    39.892188    -28.805317    -11.057548      7.718000 
    39.892199    -28.787020    -11.008705      7.304000 
    39.892211    -28.768728    -10.959860      7.650001 
    39.892222    -28.750446    -10.911014      7.650001 
    39.892234    -28.732172    -10.862166      7.927001 
    39.892245    -28.713903    -10.813315      8.025001 
    39.892257    -28.695644    -10.764463      7.955000 
    39.892269    -28.677390    -10.715610      7.807000 
    39.892280    -28.659143    -10.666754      7.758000 
    39.892292    -28.640905    -10.617897      7.708000 
    39.892303    -28.622673    -10.569038      7.698000 
    39.892315    -28.604448    -10.520177      7.877000 
    39.892326    -28.586231    -10.471314      7.381000 
    39.892338    -28.568020    -10.422450      7.688000 
    39.892350    -28.549816    -10.373584      7.927001 
    39.892361    -28.531618    -10.324716      7.441001 
    39.892373    -28.513430    -10.275846      7.698000 
    39.892384    -28.495245    -10.226975      8.075001 
    39.892396    -28.477070    -10.178102      7.610000 
    39.892407    -28.458899    -10.129227      8.144000 
    39.892419    -28.440737    -10.080351      8.114000 
    39.892431    -28.422580    -10.031473      7.817000 
    39.892442    -28.404430     -9.982593      8.252001 
    39.892454    -28.386288     -9.933712      7.798000 
    39.892465    -28.368150     -9.884829      8.005000 
    39.892477    -28.350021     -9.835944      7.877000 
    39.892488    -28.331898     -9.787058      7.947000 
    39.892500    -28.313782     -9.738170      8.204000 
    39.892512    -28.295671     -9.689281      7.907000 
    39.892523    -28.277567     -9.640390      8.015000 
    39.892535    -28.259470     -9.591497      7.867001 
    39.892546    -28.241379     -9.542603      7.995000 
    39.892558    -28.223293     -9.493707      7.778000 
    39.892569    -28.205215     -9.444809      7.975000 
    39.892581    -28.187143     -9.395910      8.124001 
    39.892593    -28.169077     -9.347010      8.204000 
    39.892604    -28.151016     -9.298107      8.292001 
    39.892616    -28.132963     -9.249204      8.262000 
    39.892627    -28.114916     -9.200299      8.015000 
    39.892639    -28.096874     -9.151392      8.252001 
    39.892650    -28.078838     -9.102484      7.837000 
    39.892662    -28.060808     -9.053574      7.620000 
    39.892674    -28.042786     -9.004663      7.817000 
    39.892685    -28.024769     -8.955750      7.798000 
    39.892697    -28.006756     -8.906836      7.897000 
    44.386053    -31.837046     -8.011454      5.545000 
    44.386065    -31.819138     -8.060388      5.697000 
    44.386076    -31.801222     -8.109322      6.659000 
    44.386088    -31.783302     -8.158253      7.000000 
    44.386100    -31.765379     -8.207184      6.884000 
    44.386111    -31.747446     -8.256113      7.304000 
    44.386123    -31.729511     -8.305040      7.560000 
    44.386134    -31.711570     -8.353967      6.824000 
    44.386146    -31.693624     -8.402892      6.834000 
    44.386157    -31.675673     -8.451815      7.284000 
    44.386169    -31.657715     -8.500737      7.117000 
    44.386181    -31.639750     -8.549658      6.699000 
    44.386192    -31.621780     -8.598577      7.030000 
    44.386204    -31.603807     -8.647495      6.227000 
    44.386215    -31.585827     -8.696412      6.514000 
    44.386227    -31.567840     -8.745327      7.050000 
    44.386238    -31.549849     -8.794240      6.699000 
    44.386250    -31.531850     -8.843153      6.739000 
    44.386262    -31.513847     -8.892063      6.534000 
    44.386273    -31.495838     -8.940972      6.400000 
    44.386285    -31.477823     -8.989880      6.380000 
    44.386296    -31.459803     -9.038787      6.824000 
    44.386308    -31.441774     -9.087691      6.614000 
    44.386319    -31.423740     -9.136595      7.067000 
    44.386331    -31.405703     -9.185496      7.207000 
    44.386343    -31.387657     -9.234397      6.930000 
    44.386354    -31.369606     -9.283295      6.774000 
    44.386366    -31.351547     -9.332193      6.970000 
    44.386377    -31.333485     -9.381088      7.678000 
    44.386389    -31.315414     -9.429982      7.097000 
    44.386400    -31.297338     -9.478875      7.067000 
    44.386412    -31.279257     -9.527766      7.107000 
    44.386424    -31.261168     -9.576655      7.284000 
    44.386435    -31.243073     -9.625543      7.010000 
    44.386447    -31.224972     -9.674429      7.167000 
    44.386458    -31.206863     -9.723314      6.864000 
    44.386470    -31.188750     -9.772197      6.854000 
    44.386481    -31.170628     -9.821078      6.794000 
    44.386493    -31.152500     -9.869958      6.144000 
    44.386505    -31.134367     -9.918836      5.889000 
    44.386516    -31.116226     -9.967712      6.207000 
    44.386528    -31.098080    -10.016587      5.779000 
    44.386539    -31.079926    -10.065460      5.625000 
    44.386551    -31.061766    -10.114332      5.779000 
    44.386563    -31.043598    -10.163201      6.124000 
    44.386574    -31.025425    -10.212070      5.769000 
    44.386586    -31.007244    -10.260936      6.001000 
    44.386597    -30.989058    -10.309801      5.889000 
    44.386609    -30.970863    -10.358664      6.340000 
    44.386620    -30.952662    -10.407525      6.307000 
    44.386632    -30.934452    -10.456384      5.971000 
    44.386644    -30.916239    -10.505242      6.390000 
    44.386655    -30.898016    -10.554098      5.799000 
    44.386667    -30.879786    -10.602952      5.565000 
    44.386678    -30.861550    -10.651805      6.041000 
    44.386690    -30.843307    -10.700655      5.545000 
    44.386701    -30.825056    -10.749504      5.941001 
    44.386713    -30.806799    -10.798351      5.899000 
    44.386725    -30.788532    -10.847197      5.605001 
    44.386736    -30.770262    -10.896040      5.585000 
    44.386748    -30.751982    -10.944882      5.879000 
    44.386759    -30.733694    -10.993722      5.951000 
    44.386771    -30.715400    -11.042560      5.515000 
    44.386782    -30.697100    -11.091396      5.859000 
    44.386794    -30.678790    -11.140230      5.889000 
    44.386806    -30.660473    -11.189063      6.001000 
    44.386817    -30.642149    -11.237893      5.505000 
    44.386829    -30.623817    -11.286722      5.403000 
    44.386840    -30.605478    -11.335549      5.747000 
    44.386852    -30.587132    -11.384374      5.869000 
    44.386863    -30.568777    -11.433197      5.767000 
    44.386875    -30.550415    -11.482018      6.054000 
    44.386887    -30.532045    -11.530837      5.909000 
    44.386898    -30.513668    -11.579654      6.154000 
    44.386910    -30.495281    -11.628469      6.184000 
    44.386921    -30.476889    -11.677283      5.981000 
    44.386933    -30.458488    -11.726094      6.370000 
    44.386944    -30.440079    -11.774903      6.164001 
    44.386956    -30.421661    -11.823711      5.941001 
    44.386968    -30.403236    -11.872516      6.410000 
    44.386979    -30.384804    -11.921319      6.144000 
    44.386991    -30.366364    -11.970121      6.267000 
    46.840729    -31.980663    -11.958607      8.520000 
    46.840741    -31.962223    -11.909799      8.312000 
    46.840752    -31.943792    -11.860990      8.756001 
    46.840764    -31.925367    -11.812179      8.392000 
    46.840775    -31.906952    -11.763366      8.332001 
    46.840787    -31.888544    -11.714551      7.668000 
    46.840799    -31.870144    -11.665734      7.995000 
    46.840810    -31.851751    -11.616915      8.262000 
    46.840822    -31.833366    -11.568093      8.410001 
    46.840833    -31.814990    -11.519270      8.144000 
    46.840845    -31.796621    -11.470446      7.985001 
    46.840856    -31.778260    -11.421619      7.451000 
    46.840868    -31.759907    -11.372790      7.847001 
    46.840880    -31.741560    -11.323959      7.817000 
    46.840891    -31.723223    -11.275127      8.055000 
    46.840903    -31.704891    -11.226292      7.481000 
    46.840914    -31.686567    -11.177456      6.759000 
    46.840926    -31.668253    -11.128618      7.570000 
    46.840938    -31.649944    -11.079778      7.817000 
    46.840949    -31.631643    -11.030936      7.570000 
    46.840961    -31.613350    -10.982092      7.590000 
    46.840972    -31.595062    -10.933246      7.778000 
    46.840984    -31.576784    -10.884399      7.738000 
    46.840995    -31.558514    -10.835549      8.075001 
    46.841007    -31.540249    -10.786698      7.678000 
    46.841019    -31.521992    -10.737845      7.421000 
    46.841030    -31.503742    -10.688991      7.768001 
    46.841042    -31.485498    -10.640134      7.560000 
    46.841053    -31.467262    -10.591276      7.620000 
    46.841065    -31.449036    -10.542416      7.501000 
    46.841076    -31.430813    -10.493554      7.907000 
    46.841088    -31.412600    -10.444691      8.234000 
    46.841100    -31.394390    -10.395826      7.887001 
    46.841111    -31.376190    -10.346959      7.738000 
    46.841123    -31.357998    -10.298090      7.897000 
    46.841134    -31.339810    -10.249219      7.748000 
    46.841146    -31.321630    -10.200347      7.708000 
    46.841157    -31.303457    -10.151473      8.055000 
    46.841169    -31.285290    -10.102598      7.501000 
    46.841181    -31.267132    -10.053721      7.738000 
    46.841192    -31.248978    -10.004842      7.668000 
    46.841204    -31.230831     -9.955961      8.154000 
    46.841215    -31.212690     -9.907079      7.381000 
    46.841227    -31.194557     -9.858195      7.728000 
    46.841238    -31.176432     -9.809310      7.354001 
    46.841250    -31.158312     -9.760423      7.501000 
    46.841262    -31.140198     -9.711534      7.187000 
    46.841273    -31.122090     -9.662644      7.147000 
    46.841285    -31.103990     -9.613752      7.501000 
    46.841296    -31.085896     -9.564858      7.137001 
    46.841308    -31.067806     -9.515963      7.847001 
    46.841319    -31.049725     -9.467066      6.854000 
    46.841331    -31.031650     -9.418168      6.804000 
    46.841343    -31.013580     -9.369268      7.788001 
    46.841354    -30.995518     -9.320367      6.920001 
    46.841366    -30.977460     -9.271464      6.980001 
    46.841377    -30.959410     -9.222560      7.610000 
    46.841389    -30.941364     -9.173654      7.214000 
    46.841400    -30.923326     -9.124746      6.824000 
    46.841412    -30.905293     -9.075837      6.930000 
    46.841424    -30.887266     -9.026927      6.940001 
    46.841435    -30.869246     -8.978015      7.030000 
    46.841447    -30.851230     -8.929101      6.824000 
    46.841458    -30.833221     -8.880186      7.030000 
    46.841470    -30.815220     -8.831270      7.107000 
    46.841481    -30.797222     -8.782352      7.040000 
    46.841493    -30.779230     -8.733432      7.197000 
    46.841505    -30.761246     -8.684512      6.804000 
    46.841516    -30.743265     -8.635589      7.718000 
    46.841528    -30.725290     -8.586666      7.481000 
    46.841539    -30.707321     -8.537741      7.187000 
    46.841551    -30.689360     -8.488814      7.688000 
    46.841562    -30.671400     -8.439887      7.610000 
    46.841574    -30.653448     -8.390957      7.481000 
    46.841586    -30.635504     -8.342027      7.668000 
    46.841597    -30.617561     -8.293095      7.491000 
    46.841609    -30.599627     -8.244161      7.274000 
    46.841620    -30.581697     -8.195227      6.784000 
    46.841632    -30.563772     -8.146290      7.264000 
    46.841644    -30.545853     -8.097353      7.927001 
    46.841655    -30.527939     -8.048414      7.708000 
    47.352940    -28.998941     -8.022186      6.639000 
    47.352951    -28.981031     -8.071120      7.361001 
    47.352963    -28.963116     -8.120053      7.668000 
    47.352975    -28.945196     -8.168985      8.282001 
    47.352986    -28.927270     -8.217916      7.897000 
    47.352998    -28.909340     -8.266845      7.187000 
    47.353009    -28.891403     -8.315772      7.030000 
    47.353021    -28.873460     -8.364699      8.124001 
    47.353032    -28.855515     -8.413624      9.204000 
    47.353044    -28.837560     -8.462547      8.688001 
    47.353056    -28.819603     -8.511470      7.010000 
    47.353067    -28.801640     -8.560391      7.060000 
    47.353079    -28.783669     -8.609310      7.650001 
    47.353090    -28.765694     -8.658228      7.214000 
    47.353102    -28.747713     -8.707145      7.177001 
    47.353113    -28.729727     -8.756060      8.114000 
    47.353125    -28.711733     -8.804973      6.307000 
    47.353137    -28.693735     -8.853886      7.137001 
    47.353148    -28.675732     -8.902796      6.769000 
    47.353160    -28.657720     -8.951706      7.620000 
    47.353171    -28.639706     -9.000614      7.937000 
    47.353183    -28.621683     -9.049520      7.718000 
    47.353194    -28.603655     -9.098425      7.678000 
    47.353206    -28.585620     -9.147328      7.985001 
    47.353218    -28.567581     -9.196230      7.955000 
    47.353229    -28.549536     -9.245130      7.431000 
    47.353241    -28.531483     -9.294029      8.224000 
    47.353252    -28.513426     -9.342926      7.147000 
    47.353264    -28.495361     -9.391822      7.688000 
    47.353275    -28.477290     -9.440716      7.807000 
    47.353287    -28.459213     -9.489609      8.312000 
    47.353299    -28.441130     -9.538500      8.272000 
    47.353310    -28.423040     -9.587389      9.064000 
    47.353322    -28.404945     -9.636277      8.272000 
    47.353333    -28.386843     -9.685163      8.124001 
    47.353345    -28.368734     -9.734048      8.035001 
    47.353356    -28.350618     -9.782931      9.164001 
    47.353368    -28.332497     -9.831812      8.736000 
    47.353380    -28.314370     -9.880692      8.578000 
    47.353391    -28.296234     -9.929570      7.668000 
    47.353403    -28.278093     -9.978447      8.598001 
    47.353414    -28.259945    -10.027322      8.894000 
    47.353426    -28.241790    -10.076195      7.324000 
    47.353437    -28.223629    -10.125066      8.184000 
    47.353449    -28.205462    -10.173936      9.184000 
    47.353461    -28.187286    -10.222804      8.530001 
    47.353472    -28.169106    -10.271670      7.887001 
    47.353484    -28.150915    -10.320535      6.524000 
    47.353495    -28.132720    -10.369398      7.461000 
    47.353507    -28.114520    -10.418259      8.372001 
    47.353519    -28.096310    -10.467119      7.748000 
    47.353530    -28.078094    -10.515977      7.630001 
    47.353542    -28.059870    -10.564833      7.837000 
    47.353553    -28.041640    -10.613687      8.045000 
    47.353565    -28.023403    -10.662539      8.608001 
    47.353576    -28.005160    -10.711390      8.392000 
    49.807604    -29.160340    -11.997901      6.031000 
    49.807616    -29.141893    -11.949095      6.094000 
    49.807627    -29.123455    -11.900287      6.410000 
    49.807639    -29.105024    -11.851477      7.461000 
    49.807650    -29.086603    -11.802665      6.659000 
    49.807662    -29.068190    -11.753851      6.814000 
    49.807674    -29.049784    -11.705035      6.649000 
    49.807685    -29.031385    -11.656217      6.970000 
    49.807697    -29.012997    -11.607397      7.344000 
    49.807708    -28.994614    -11.558575      6.914001 
    49.807720    -28.976238    -11.509751      7.371000 
    49.807731    -28.957872    -11.460925      7.274000 
    49.807743    -28.939512    -11.412097      7.010000 
    49.807755    -28.921162    -11.363267      6.824000 
    49.807766    -28.902819    -11.314436      7.560000 
    49.807778    -28.884481    -11.265602      7.244000 
    49.807789    -28.866154    -11.216767      6.639000 
    49.807801    -28.847832    -11.167930      6.440001 
    49.807813    -28.829517    -11.119091      7.540000 
    49.807824    -28.811213    -11.070250      6.834000 
    49.807836    -28.792913    -11.021407      7.371000 
    49.807847    -28.774622    -10.972562      6.524000 
    49.807859    -28.756338    -10.923716      6.534000 
    49.807870    -28.738062    -10.874867      6.217001 
    49.807882    -28.719791    -10.826017      6.904000 
    49.807894    -28.701530    -10.777165      6.257000 
    49.807905    -28.683275    -10.728312      6.574000 
    49.807917    -28.665028    -10.679456      6.094000 
    49.807928    -28.646786    -10.630599      6.719000 
    49.807940    -28.628553    -10.581740      6.564000 
    49.807951    -28.610327    -10.532879      6.307000 
    49.807963    -28.592108    -10.484016      6.834000 
    49.807975    -28.573895    -10.435152      6.804000 
    49.807986    -28.555689    -10.386286      6.554000 
    49.807998    -28.537490    -10.337418      6.584000 
    49.808009    -28.519299    -10.288548      6.739000 
    49.808021    -28.501114    -10.239677      6.904000 
    49.808032    -28.482937    -10.190804      7.000000 
    49.808044    -28.464764    -10.141929      6.864000 
    49.808056    -28.446600    -10.093053      6.584000 
    49.808067    -28.428442    -10.044175      7.167000 
    49.808079    -28.410292     -9.995295      7.030000 
    49.808090    -28.392147     -9.946414      6.420000 
    49.808125    -28.337753     -9.799760      7.550000 
    49.808137    -28.319635     -9.750872      6.769000 
    49.808148    -28.301523     -9.701982      6.804000 
    49.808160    -28.283417     -9.653091      6.420000 
    49.808171    -28.265320     -9.604198      6.624001 
    49.808183    -28.247227     -9.555304      6.940001 
    49.808194    -28.229140     -9.506408      6.584000 
    49.808206    -28.211060     -9.457511      6.470000 
    49.808218    -28.192986     -9.408611      6.769000 
    49.808229    -28.174920     -9.359711      7.167000 
    49.808241    -28.156857     -9.310809      6.920001 
    49.808252    -28.138802     -9.261905      7.361001 
    49.808264    -28.120752     -9.213000      6.814000 
    49.808275    -28.102710     -9.164093      6.594000 
    49.808287    -28.084675     -9.115185      6.544000 
    49.808299    -28.066643     -9.066275      6.144000 
    49.808310    -28.048618     -9.017363      6.544000 
    49.808322    -28.030600     -8.968451      6.460000 
    49.808333    -28.012587     -8.919536      6.440001 
    54.301690    -31.841015     -8.000358      5.473000 
    54.301701    -31.823107     -8.049293      5.595000 
    54.301713    -31.805195     -8.098227      6.267000 
    54.301725    -31.787277     -8.147159      5.899000 
    54.301736    -31.769356     -8.196090      5.239000 
    54.301748    -31.751429     -8.245020      5.799000 
    54.301759    -31.733494     -8.293948      5.779000 
    54.301771    -31.715555     -8.342875      6.257000 
    54.301782    -31.697610     -8.391800      5.911000 
    54.301794    -31.679663     -8.440724      6.114000 
    54.301806    -31.661707     -8.489647      5.687000 
    54.301817    -31.643745     -8.538569      5.819000 
    54.301829    -31.625778     -8.587488      5.555000 
    54.301840    -31.607807     -8.636407      5.809000 
    54.301852    -31.589828     -8.685324      5.289000 
    54.301863    -31.571844     -8.734240      6.257000 
    54.301875    -31.553856     -8.783154      5.525000 
    54.301887    -31.535860     -8.832067      6.074000 
    54.301898    -31.517860     -8.880978      5.839000 
    54.301910    -31.499853     -8.929888      5.615000 
    54.301921    -31.481840     -8.978796      5.961000 
    54.301933    -31.463821     -9.027703      5.889000 
    54.301944    -31.445797     -9.076609      6.064000 
    54.301956    -31.427767     -9.125513      5.423000 
    54.301968    -31.409730     -9.174415      6.074000 
    54.301979    -31.391687     -9.223316      5.505000 
    54.301991    -31.373638     -9.272215      6.074000 
    54.302002    -31.355583     -9.321113      6.639000 
    54.302014    -31.337523     -9.370009      5.799000 
    54.302025    -31.319454     -9.418904      5.495000 
    54.302037    -31.301382     -9.467797      5.677000 
    54.302049    -31.283302     -9.516689      5.809000 
    54.302060    -31.265217     -9.565579      5.485000 
    54.302072    -31.247124     -9.614467      5.911000 
    54.302083    -31.229025     -9.663354      5.403000 
    54.302095    -31.210920     -9.712239      5.463000 
    54.302106    -31.192808     -9.761123      5.625000 
    54.302118    -31.174690     -9.810005      6.154000 
    54.302130    -31.156567     -9.858885      5.747000 
    54.302141    -31.138435     -9.907764      5.657000 
    54.302153    -31.120296     -9.956641      5.829001 
    54.302164    -31.102154    -10.005517      5.657000 
    54.302176    -31.084002    -10.054390      5.647000 
    54.302188    -31.065844    -10.103262      6.144000 
    54.302199    -31.047680    -10.152133      5.769000 
    54.302211    -31.029509    -10.201002      5.209000 
    54.302222    -31.011332    -10.249869      5.373000 
    54.302234    -30.993147    -10.298734      5.289000 
    54.302245    -30.974955    -10.347598      5.353000 
    54.302257    -30.956757    -10.396460      5.126000 
    54.302269    -30.938550    -10.445320      5.483000 
    54.302280    -30.920338    -10.494178      5.637000 
    54.302292    -30.902119    -10.543035      5.879000 
    54.302303    -30.883892    -10.591890      5.991000 
    54.302315    -30.865660    -10.640743      5.829001 
    54.302326    -30.847418    -10.689594      5.483000 
    54.302338    -30.829170    -10.738444      5.463000 
    54.302350    -30.810915    -10.787292      4.564000 
    54.302361    -30.792652    -10.836138      4.190000 
    54.302373    -30.774384    -10.884982      4.210000 
    54.302384    -30.756107    -10.933824      4.760000 
    54.302396    -30.737823    -10.982665      4.604000 
    54.302407    -30.719532    -11.031504      5.229000 
    54.302419    -30.701233    -11.080341      5.473000 
    54.302431    -30.682926    -11.129176      5.595000 
    54.302442    -30.664614    -11.178009      5.463000 
    54.302454    -30.646292    -11.226840      5.329001 
    54.302465    -30.627964    -11.275669      5.453000 
    54.302477    -30.609627    -11.324497      5.483000 
    54.302488    -30.591284    -11.373323      5.605001 
    54.302500    -30.572931    -11.422146      5.627000 
    54.302512    -30.554573    -11.470968      5.186000 
    54.302523    -30.536205    -11.519788      5.413000 
    54.302535    -30.517832    -11.568606      4.720000 
    54.302546    -30.499449    -11.617422      4.544000 
    54.302558    -30.481058    -11.666236      5.086000 
    54.302569    -30.462662    -11.715048      5.176000 
    54.302581    -30.444256    -11.763858      5.339000 
    54.302593    -30.425840    -11.812666      4.886000 
    54.302604    -30.407420    -11.861472      5.051000 
    54.302616    -30.388988    -11.910277      4.776000 
    54.302627    -30.370550    -11.959079      4.554000 
    56.756366    -31.983809    -11.968047      6.629000 
    56.756377    -31.965368    -11.919240      6.814000 
    56.756389    -31.946936    -11.870430      7.040000 
    56.756400    -31.928510    -11.821619      7.324000 
    56.756412    -31.910093    -11.772806      7.167000 
    56.756424    -31.891685    -11.723990      7.610000 
    56.756435    -31.873283    -11.675173      7.391000 
    56.756447    -31.854890    -11.626353      7.441001 
    56.756458    -31.836506    -11.577532      7.107000 
    56.756470    -31.818129    -11.528709      7.371000 
    56.756481    -31.799759    -11.479884      6.990000 
    56.756493    -31.781397    -11.431057      7.040000 
    56.756505    -31.763040    -11.382228      6.794000 
    56.756516    -31.744696    -11.333397      7.244000 
    56.756528    -31.726357    -11.284564      6.990000 
    56.756539    -31.708023    -11.235729      7.401001 
    56.756551    -31.689700    -11.186892      7.758000 
    56.756563    -31.671385    -11.138054      7.344000 
    56.756574    -31.653074    -11.089214      6.794000 
    56.756586    -31.634773    -11.040371      7.461000 
    56.756597    -31.616480    -10.991527      8.420000 
    56.756609    -31.598192    -10.942681      7.748000 
    56.756620    -31.579912    -10.893834      7.827000 
    56.756632    -31.561640    -10.844984      8.134001 
    56.756644    -31.543375    -10.796133      7.738000 
    56.756655    -31.525118    -10.747280      7.887001 
    56.756667    -31.506866    -10.698425      7.778000 
    56.756678    -31.488625    -10.649568      7.610000 
    56.756690    -31.470387    -10.600709      7.778000 
    56.756701    -31.452158    -10.551849      7.678000 
    56.756713    -31.433935    -10.502987      8.045000 
    56.756725    -31.415722    -10.454123      9.094001 
    56.756736    -31.397512    -10.405258      8.568001 
    56.756748    -31.379310    -10.356390      6.604000 
    56.756759    -31.361116    -10.307521      9.958000 
    56.756771    -31.342930    -10.258650      9.054001 
    56.756782    -31.324749    -10.209778      9.711000 
    56.756794    -31.306576    -10.160904      8.392000 
    56.756806    -31.288408    -10.112028      8.548000 
    56.756817    -31.270247    -10.063151      8.460000 
    56.756829    -31.252094    -10.014271      8.015000 
    56.756840    -31.233948     -9.965391      7.698000 
    56.756852    -31.215805     -9.916508      7.207000 
    56.756863    -31.197674     -9.867624      7.630001 
    56.756887    -31.161425     -9.769851      7.580000 
    56.756898    -31.143310     -9.720962      7.768001 
    56.756910    -31.125202     -9.672071      7.304000 
    56.756921    -31.107101     -9.623179      7.361001 
    56.756933    -31.089006     -9.574285      7.461000 
    56.756944    -31.070917     -9.525389      7.481000 
    56.756956    -31.052835     -9.476492      7.580000 
    56.756968    -31.034760     -9.427594      7.817000 
    56.756979    -31.016690     -9.378694      7.510000 
    56.756991    -30.998625     -9.329792      7.107000 
    56.757002    -30.980568     -9.280889      7.985001 
    56.757014    -30.962517     -9.231984      7.965000 
    56.757025    -30.944471     -9.183078      6.534000 
    56.757037    -30.926432     -9.134170      7.411000 
    56.757049    -30.908400     -9.085260      6.639000 
    56.757060    -30.890371     -9.036350      7.510000 
    56.757072    -30.872350     -8.987437      7.157000 
    56.757083    -30.854336     -8.938523      7.640000 
    56.757095    -30.836327     -8.889608      7.728000 
    56.757106    -30.818321     -8.840691      7.847001 
    56.757118    -30.800325     -8.791773      7.087000 
    56.757130    -30.782333     -8.742853      6.784000 
    56.757141    -30.764347     -8.693932      7.530000 
    56.757153    -30.746367     -8.645010      9.164001 
    56.757164    -30.728392     -8.596086      7.867001 
    56.757176    -30.710423     -8.547160      8.668000 
    56.757188    -30.692460     -8.498233      6.719000 
    56.757199    -30.674501     -8.449305      7.411000 
    56.757211    -30.656550     -8.400376      7.097000 
    56.757222    -30.638601     -8.351445      7.187000 
    56.757234    -30.620660     -8.302512      7.234000 
    56.757245    -30.602724     -8.253579      7.147000 
    56.757257    -30.584795     -8.204643      6.390000 
    56.757269    -30.566870     -8.155707      7.718000 
    56.757280    -30.548950     -8.106769      6.729000 
    56.757292    -30.531036     -8.057830      6.824000 
    56.757303    -30.513126     -8.008890      7.067000 
    57.268576    -29.002180     -8.013418      8.568001 
    57.268588    -28.984272     -8.062352      7.867001 
    57.268600    -28.966358     -8.111286      8.382000 
    57.268611    -28.948440     -8.160218      8.144000 
    57.268623    -28.930517     -8.209149      8.154000 
    57.268634    -28.912588     -8.258078      8.224000 
    57.268646    -28.894653     -8.307006      8.688001 
    57.268657    -28.876713     -8.355933      8.252001 
    57.268669    -28.858768     -8.404858      8.174001 
    57.268681    -28.840816     -8.453782      7.768001 
    57.268692    -28.822860     -8.502705      7.807000 
    57.268704    -28.804897     -8.551626      8.194000 
    57.268715    -28.786930     -8.600546      8.382000 
    57.268727    -28.768957     -8.649464      8.470000 
    57.268738    -28.750978     -8.698381      7.965000 
    57.268750    -28.732992     -8.747296      8.262000 
    57.268762    -28.715002     -8.796210      7.827000 
    57.268773    -28.697006     -8.845123      8.104000 
    57.268785    -28.679005     -8.894034      8.332001 
    57.268796    -28.660995     -8.942944      8.025001 
    57.268808    -28.642982     -8.991852      8.005000 
    57.268819    -28.624962     -9.040759      7.441001 
    57.268831    -28.606936     -9.089664      7.501000 
    57.268843    -28.588903     -9.138568      7.778000 
    57.268854    -28.570866     -9.187470      7.510000 
    57.268866    -28.552822     -9.236370      7.411000 
    57.268877    -28.534773     -9.285270      7.361001 
    57.268889    -28.516716     -9.334167      7.630001 
    57.268900    -28.498653     -9.383063      7.371000 
    57.268912    -28.480585     -9.431958      7.050000 
    57.268924    -28.462510     -9.480851      6.624001 
    57.268935    -28.444430     -9.529742      6.970000 
    57.268947    -28.426342     -9.578632      6.534000 
    57.268958    -28.408249     -9.627520      6.629000 
    57.268970    -28.390148     -9.676407      7.060000 
    57.268981    -28.372042     -9.725292      6.544000 
    57.268993    -28.353928     -9.774175      7.000000 
    57.269005    -28.335810     -9.823057      7.097000 
    57.269016    -28.317682     -9.871937      6.267000 
    57.269028    -28.299550     -9.920816      6.504000 
    57.269039    -28.281410     -9.969692      6.350000 
    57.269051    -28.263266    -10.018568      6.350000 
    57.269062    -28.245113    -10.067441      6.297000 
    57.269074    -28.226954    -10.116313      7.167000 
    57.269086    -28.208788    -10.165183      7.117000 
    57.269097    -28.190615    -10.214052      6.970000 
    57.269109    -28.172436    -10.262918      7.244000 
    57.269120    -28.154250    -10.311784      6.604000 
    57.269132    -28.136057    -10.360647      7.244000 
    57.269144    -28.117855    -10.409509      6.884000 
    57.269155    -28.099650    -10.458369      7.137001 
    57.269167    -28.081434    -10.507227      6.824000 
    57.269178    -28.063213    -10.556083      7.020001 
    57.269190    -28.044987    -10.604938      7.284000 
    57.269201    -28.026750    -10.653791      7.788001 
    57.269213    -28.008509    -10.702642      7.167000 
    59.723252    -29.144142    -11.955859      7.788001 
    59.723264    -29.125704    -11.907050      7.361001 
    59.723275    -29.107273    -11.858240      8.914001 
    59.723287    -29.088852    -11.809427      8.706000 
    59.723299    -29.070438    -11.760612      8.826000 
    59.723310    -29.052032    -11.711796      8.578000 
    59.723322    -29.033634    -11.662977      7.887001 
    59.723333    -29.015245    -11.614157      8.530001 
    59.723345    -28.996862    -11.565334      8.726001 
    59.723356    -28.978489    -11.516510      8.342000 
    59.723368    -28.960121    -11.467683      7.798000 
    59.723380    -28.941763    -11.418855      7.837000 
    59.723391    -28.923410    -11.370025      8.568001 
    59.723403    -28.905067    -11.321193      8.154000 
    59.723414    -28.886730    -11.272359      8.558001 
    59.723426    -28.868402    -11.223523      8.520000 
    59.723437    -28.850082    -11.174685      8.400001 
    59.723449    -28.831768    -11.125845      8.668000 
    59.723461    -28.813461    -11.077004      9.224000 
    59.723472    -28.795164    -11.028160      8.756001 
    59.723484    -28.776873    -10.979315      8.104000 
    59.723495    -28.758589    -10.930468      8.144000 
    59.723507    -28.740313    -10.881619      8.342000 
    59.723519    -28.722042    -10.832768      7.877000 
    59.723530    -28.703781    -10.783916      7.887001 
    59.723542    -28.685526    -10.735061      8.194000 
    59.723553    -28.667278    -10.686205      7.817000 
    59.723565    -28.649038    -10.637347      8.292001 
    59.723576    -28.630804    -10.588488      8.204000 
    59.723588    -28.612577    -10.539626      8.410001 
    59.723600    -28.594358    -10.490763      8.045000 
    59.723611    -28.576147    -10.441898      8.164001 
    59.723623    -28.557941    -10.393031      8.628000 
    59.723634    -28.539743    -10.344163      8.904000 
    59.723646    -28.521551    -10.295293      7.391000 
    59.723657    -28.503366    -10.246421      7.501000 
    59.723669    -28.485190    -10.197547      9.034000 
    59.723681    -28.467018    -10.148672      8.174001 
    59.723692    -28.448854    -10.099795      8.588000 
    59.723704    -28.430696    -10.050917      8.055000 
    59.723715    -28.412546    -10.002036      7.975000 
    59.723727    -28.394402     -9.953154      7.975000 
    59.723738    -28.376265     -9.904271      7.887001 
    59.723750    -28.358133     -9.855385      7.837000 
    59.723762    -28.340008     -9.806498      7.580000 
    59.723773    -28.321890     -9.757610      7.748000 
    59.723785    -28.303780     -9.708720      8.302000 
    59.723796    -28.285673     -9.659828      8.400001 
    59.723808    -28.267574     -9.610935      8.430000 
    59.723819    -28.249483     -9.562040      8.460000 
    59.723831    -28.231398     -9.513143      7.668000 
    59.723843    -28.213318     -9.464245      8.262000 
    59.723854    -28.195244     -9.415345      8.214001 
    59.723866    -28.177177     -9.366444      8.015000 
    59.723877    -28.159117     -9.317541      8.075001 
    59.723889    -28.141062     -9.268637      7.698000 
    59.723900    -28.123013     -9.219731      7.788001 
    59.723912    -28.104969     -9.170824      7.857000 
    59.723924    -28.086933     -9.121915      7.580000 
    59.723935    -28.068901     -9.073004      8.470000 
    59.723947    -28.050879     -9.024092      7.975000 
    59.723958    -28.032860     -8.975179      8.045000 
    59.723970    -28.014847     -8.926264      7.197000 
   212.952002    -31.828674     -8.028519      9.056001 
   212.952014    -31.810762     -8.077457      9.016001 
   212.952025    -31.792847     -8.126392      9.006001 
   212.952037    -31.774923     -8.175327      8.986000 
   212.952049    -31.756996     -8.224260      8.966001 
   212.952060    -31.739063     -8.273192      9.284000 
   212.952072    -31.721127     -8.322123      9.134001 
   212.952083    -31.703182     -8.371052      9.084001 
   212.952095    -31.685234     -8.419980      8.996000 
   212.952106    -31.667278     -8.468906      8.808001 
   212.952118    -31.649319     -8.517831      8.512000 
   212.952130    -31.631353     -8.566755      8.798000 
   212.952141    -31.613382     -8.615677      8.502001 
   212.952153    -31.595406     -8.664598      8.512000 
   212.952164    -31.577421     -8.713517      8.474000 
   212.952176    -31.559435     -8.762435      8.612000 
   212.952187    -31.541440     -8.811352      8.612000 
   212.952199    -31.523440     -8.860267      8.710000 
   212.952211    -31.505432     -8.909180      9.817000 
   212.952222    -31.487421     -8.958092      8.966001 
   212.952234    -31.469404     -9.007003      8.750000 
   212.952245    -31.451380     -9.055912      8.157001 
   212.952257    -31.433350     -9.104819      8.315001 
   212.952269    -31.415316     -9.153726      7.958000 
   212.952280    -31.397272     -9.202630      8.305000 
   212.952292    -31.379225     -9.251533      8.522000 
   212.952303    -31.361172     -9.300435      8.334001 
   212.952315    -31.343113     -9.349335      8.334001 
   212.952326    -31.325045     -9.398233      7.534000 
   212.952338    -31.306973     -9.447130      8.177000 
   212.952350    -31.288895     -9.496025      8.760000 
   212.952361    -31.270810     -9.544919      8.602000 
   212.952373    -31.252718     -9.593811      8.612000 
   212.952384    -31.234620     -9.642702      8.690001 
   212.952396    -31.216516     -9.691591      7.928000 
   212.952407    -31.198406     -9.740478      8.946000 
   212.952419    -31.180288     -9.789364      8.680000 
   212.952431    -31.162165     -9.838248      7.958000 
   212.952442    -31.144035     -9.887131      8.067000 
   212.952454    -31.125898     -9.936011      8.770000 
   212.952465    -31.107756     -9.984891      7.554000 
   212.952477    -31.089605    -10.033768      7.591001 
   212.952488    -31.071450    -10.082644      7.554000 
   212.952500    -31.053288    -10.131518      8.028001 
   212.952512    -31.035116    -10.180391      7.494000 
   212.952523    -31.016940    -10.229261      8.760000 
   212.952535    -30.998756    -10.278131      8.037001 
   212.952546    -30.980566    -10.326998      7.290000 
   212.952558    -30.962370    -10.375864      7.641000 
   212.952569    -30.944164    -10.424728      8.117001 
   212.952581    -30.925955    -10.473590      7.574000 
   212.952593    -30.907736    -10.522450      8.018001 
   212.952604    -30.889511    -10.571309      7.938000 
   212.952616    -30.871279    -10.620166      8.245001 
   212.952627    -30.853040    -10.669021      7.701000 
   212.952639    -30.834793    -10.717874      8.225000 
   212.952650    -30.816540    -10.766726      7.968000 
   212.952662    -30.798279    -10.815576      7.454001 
   212.952674    -30.780010    -10.864424      7.514000 
   212.952685    -30.761736    -10.913270      8.067000 
   212.952697    -30.743452    -10.962114      7.337000 
   212.952708    -30.725164    -11.010957      7.280000 
   212.952720    -30.706865    -11.059797      8.057000 
   212.952731    -30.688562    -11.108636      7.054000 
   212.952743    -30.670250    -11.157473      6.879000 
   212.952755    -30.651930    -11.206308      6.590000 
   212.952766    -30.633602    -11.255142      6.754000 
   212.952778    -30.615269    -11.303973      6.889000 
   212.952789    -30.596926    -11.352802      6.834000 
   212.952801    -30.578575    -11.401630      6.834000 
   212.952812    -30.560219    -11.450455      6.670001 
   212.952824    -30.541853    -11.499279      6.834000 
   212.952836    -30.523481    -11.548101      7.297000 
   212.952847    -30.505100    -11.596921      6.557000 
   212.952859    -30.486712    -11.645739      6.630000 
   212.952870    -30.468315    -11.694554      6.784000 
   212.952882    -30.449911    -11.743368      6.650000 
   212.952894    -30.431498    -11.792180      6.620000 
   212.952905    -30.413078    -11.840990      6.294000 
   212.952917    -30.394650    -11.889798      6.580000 
   212.952928    -30.376213    -11.938604      6.334000 
   212.952940    -30.357770    -11.987408      6.394000 
   215.406667    -31.992771    -11.998367      8.936001 
   215.406678    -31.974327    -11.949565      9.546000 
   215.406690    -31.955890    -11.900760      9.984000 
   215.406701    -31.937464    -11.851954      9.697000 
   215.406713    -31.919043    -11.803145      8.908000 
   215.406725    -31.900630    -11.754334      8.315001 
   215.406736    -31.882227    -11.705522     10.034000 
   215.406748    -31.863830    -11.656707     10.768001 
   215.406759    -31.845442    -11.607891     10.507001 
   215.406771    -31.827060    -11.559073     10.124001 
   215.406782    -31.808687    -11.510252      9.757001 
   215.406794    -31.790321    -11.461430     10.188001 
   215.406806    -31.771965    -11.412606     11.120001 
   215.406817    -31.753614    -11.363780     10.788000 
   215.406829    -31.735273    -11.314952      7.317000 
   215.406840    -31.716938    -11.266122      7.484000 
   215.406852    -31.698610    -11.217290     10.148001 
   215.406863    -31.680290    -11.168456     11.023001 
   215.406875    -31.661980    -11.119621     10.024000 
   215.406887    -31.643675    -11.070783      6.680000 
   215.406898    -31.625378    -11.021944     10.517000 
   215.406910    -31.607088    -10.973103      9.901000 
   215.406921    -31.588804    -10.924260     10.547001 
   215.406933    -31.570530    -10.875415     10.577001 
   215.406944    -31.552261    -10.826568      9.224000 
   215.406956    -31.534002    -10.777720      7.671000 
   215.406968    -31.515747    -10.728870      9.586000 
   215.406979    -31.497501    -10.680018      6.744000 
   215.406991    -31.479263    -10.631164      9.677000 
   215.407002    -31.461031    -10.582308      9.056001 
   215.407014    -31.442806    -10.533451      6.547000 
   215.407025    -31.424587    -10.484592      7.134000 
   215.407037    -31.406378    -10.435731      7.260000 
   215.407049    -31.388172    -10.386869      7.444000 
   215.407060    -31.369976    -10.338004      7.711000 
   215.407072    -31.351786    -10.289138      6.610000 
   215.407083    -31.333603    -10.240271      7.397000 
   215.407095    -31.315426    -10.191401      7.870000 
   215.407106    -31.297256    -10.142530      8.127001 
   215.407118    -31.279095    -10.093657      7.721000 
   215.407130    -31.260937    -10.044783      6.557000 
   215.407141    -31.242788     -9.995906      7.024000 
   215.407153    -31.224646     -9.947029      8.047000 
   215.407164    -31.206509     -9.898149      7.591001 
   215.407176    -31.188380     -9.849268      7.297000 
   215.407188    -31.170256     -9.800385      7.770001 
   215.407199    -31.152140     -9.751501      8.572000 
   215.407211    -31.134030     -9.702615      7.591001 
   215.407222    -31.115925     -9.653727      7.770001 
   215.407234    -31.097828     -9.604838      7.830000 
   215.407245    -31.079737     -9.555947      7.978000 
   215.407257    -31.061651     -9.507055      7.721000 
   215.407269    -31.043573     -9.458161      8.157001 
   215.407280    -31.025501     -9.409265      7.978000 
   215.407292    -31.007435     -9.360368      8.582001 
   215.407303    -30.989376     -9.311469      8.680000 
   215.407315    -30.971321     -9.262569      7.621000 
   215.407326    -30.953276     -9.213668      7.800000 
   215.407338    -30.935232     -9.164764      7.504000 
   215.407350    -30.917198     -9.115860      7.584001 
   215.407361    -30.899170     -9.066953      7.611001 
   215.407373    -30.881145     -9.018046      6.929000 
   215.407384    -30.863129     -8.969136      7.918000 
   215.407396    -30.845118     -8.920226      7.740000 
   215.407407    -30.827110     -8.871313      8.037001 
   215.407419    -30.809110     -8.822400      8.157001 
   215.407431    -30.791117     -8.773484      7.888001 
   215.407442    -30.773129     -8.724568      8.205000 
   215.407454    -30.755148     -8.675650      7.830000 
   215.407465    -30.737170     -8.626730      7.721000 
   215.407477    -30.719198     -8.577810      7.170001 
   215.407488    -30.701235     -8.528887      7.601000 
   215.407500    -30.683273     -8.479964      8.177000 
   215.407512    -30.665320     -8.431038      7.357000 
   215.407523    -30.647371     -8.382112      7.651001 
   215.407535    -30.629429     -8.333184      7.948000 
   215.407546    -30.611490     -8.284255      7.524000 
   215.407558    -30.593557     -8.235324      7.830000 
   215.407569    -30.575632     -8.186392      7.417000 
   215.407581    -30.557710     -8.137459      7.504000 
   215.407593    -30.539795     -8.088524      7.200000 
   215.407604    -30.521883     -8.039588      8.107000 
   215.918889    -28.992890     -8.031432      8.670000 
   215.918900    -28.974980     -8.080370      8.918000 
   215.918912    -28.957062     -8.129306      9.124001 
   215.918924    -28.939140     -8.178241      8.888001 
   215.918935    -28.921213     -8.227175      8.848001 
   215.918947    -28.903280     -8.276107      9.036000 
   215.918958    -28.885342     -8.325038      9.006001 
   215.918970    -28.867397     -8.373967      9.214001 
   215.918981    -28.849450     -8.422895      9.066000 
   215.918993    -28.831493     -8.471822      9.114000 
   215.919005    -28.813534     -8.520747      8.848001 
   215.919016    -28.795568     -8.569671      9.164001 
   215.919028    -28.777596     -8.618594      8.720000 
   215.919039    -28.759619     -8.667515      8.888001 
   215.919051    -28.741636     -8.716435      9.354000 
   215.919063    -28.723646     -8.765353      8.946000 
   215.919074    -28.705652     -8.814270      9.384001 
   215.919086    -28.687653     -8.863185      9.284000 
   215.919097    -28.669647     -8.912099      9.344001 
   215.919109    -28.651634     -8.961011      9.214001 
   215.919120    -28.633617     -9.009922      9.264001 
   215.919132    -28.615593     -9.058831      9.334001 
   215.919144    -28.597563     -9.107739      9.454000 
   215.919155    -28.579527     -9.156646      9.224000 
   215.919167    -28.561485     -9.205551      9.807000 
   215.919178    -28.543438     -9.254454      9.414001 
   215.919190    -28.525385     -9.303356      9.284000 
   215.919201    -28.507322     -9.352256      9.414001 
   215.919213    -28.489258     -9.401155      9.891001 
   215.919225    -28.471184     -9.450052      9.636001 
   215.919236    -28.453106     -9.498948      8.858001 
   215.919248    -28.435020     -9.547842      8.926001 
   215.919259    -28.416930     -9.596734      8.532001 
   215.919271    -28.398830     -9.645625      8.325001 
   215.919282    -28.380728     -9.694514      9.314000 
   215.919294    -28.362616     -9.743402      9.134001 
   215.919306    -28.344500     -9.792288      8.492001 
   215.919317    -28.326374     -9.841172      9.066000 
   215.919329    -28.308245     -9.890055      8.482000 
   215.919340    -28.290108     -9.938936      9.074000 
   215.919352    -28.271965     -9.987816      8.305000 
   215.919363    -28.253815    -10.036694      9.046000 
   215.919375    -28.235659    -10.085570      9.164001 
   215.919387    -28.217495    -10.134444      8.334001 
   215.919398    -28.199326    -10.183317      8.966001 
   215.919410    -28.181149    -10.232188      9.084001 
   215.919421    -28.162966    -10.281058      8.730000 
   215.919433    -28.144773    -10.329925      9.224000 
   215.919444    -28.126577    -10.378791      9.364000 
   215.919456    -28.108372    -10.427655      8.710000 
   215.919468    -28.090160    -10.476518      8.552000 
   215.919479    -28.071943    -10.525379      8.868000 
   215.919491    -28.053717    -10.574238      9.384001 
   215.919502    -28.035484    -10.623095      9.104000 
   215.919514    -28.017246    -10.671950      8.680000 
   218.373553    -29.157614    -11.995747      9.154000 
   218.373565    -29.139170    -11.946945      8.572000 
   218.373576    -29.120733    -11.898140      8.858001 
   218.373588    -29.102304    -11.849334      8.205000 
   218.373600    -29.083885    -11.800525      8.562000 
   218.373611    -29.065472    -11.751715      8.592000 
   218.373623    -29.047068    -11.702903      8.255000 
   218.373634    -29.028671    -11.654088      8.562000 
   218.373646    -29.010283    -11.605272      8.008000 
   218.373657    -28.991903    -11.556454      8.107000 
   218.373669    -28.973530    -11.507633      8.630000 
   218.373681    -28.955164    -11.458811      8.946000 
   218.373692    -28.936808    -11.409987      8.740001 
   218.373704    -28.918457    -11.361161      8.215000 
   218.373715    -28.900114    -11.312333      8.434000 
   218.373727    -28.881780    -11.263504      8.047000 
   218.373738    -28.863453    -11.214672      8.334001 
   218.373750    -28.845135    -11.165839      8.205000 
   218.373762    -28.826822    -11.117003      7.740000 
   218.373773    -28.808517    -11.068166      8.077001 
   218.373785    -28.790220    -11.019327      7.711000 
   218.373796    -28.771930    -10.970486      7.850000 
   218.373808    -28.753649    -10.921643      7.427001 
   218.373819    -28.735373    -10.872798      7.800000 
   218.373831    -28.717106    -10.823952      8.057000 
   218.373843    -28.698845    -10.775104      8.028001 
   218.373854    -28.680592    -10.726254      7.661000 
   218.373866    -28.662346    -10.677402      8.067000 
   218.373877    -28.644106    -10.628548      7.860001 
   218.373889    -28.625874    -10.579693      8.057000 
   218.373900    -28.607649    -10.530836      7.584001 
   218.373912    -28.589432    -10.481977      7.564000 
   218.373924    -28.571220    -10.433116      7.150001 
   218.373935    -28.553017    -10.384254      7.290000 
   218.373947    -28.534819    -10.335390      7.514000 
   218.373958    -28.516628    -10.286524      8.255000 
   218.373970    -28.498446    -10.237656      7.671000 
   218.373981    -28.480268    -10.188787      7.347000 
   218.373993    -28.462100    -10.139916      7.397000 
   218.374005    -28.443935    -10.091043      7.297000 
   218.374016    -28.425780    -10.042169      6.590000 
   218.374028    -28.407630     -9.993293      6.764000 
   218.374039    -28.389488     -9.944415      6.570000 
   218.374051    -28.371351     -9.895536      6.354000 
   218.374062    -28.353222     -9.846655      6.680000 
   218.374074    -28.335098     -9.797772      6.734000 
   218.374086    -28.316982     -9.748888      5.917000 
   218.374097    -28.298870     -9.700002      6.241000 
   218.374109    -28.280767     -9.651115      6.384000 
   218.374120    -28.262670     -9.602226      6.334000 
   218.374132    -28.244580     -9.553335      6.364000 
   218.374144    -28.226494     -9.504443      6.009000 
   218.374155    -28.208416     -9.455549      6.231000 
   218.374167    -28.190344     -9.406654      6.487000 
   218.374178    -28.172277     -9.357757      6.119000 
   218.374190    -28.154219     -9.308858      6.171000 
   218.374201    -28.136164     -9.259958      5.857000 
   218.374213    -28.118116     -9.211057      5.715000 
   218.374225    -28.100077     -9.162154      6.139000 
   218.374236    -28.082040     -9.113249      5.947000 
   218.374248    -28.064010     -9.064343      6.364000 
   218.374259    -28.045986     -9.015436      6.019000 
   218.374271    -28.027970     -8.966527      6.427001 
   218.374282    -28.009958     -8.917616      6.079001 
   222.867650    -31.823860     -8.046936      8.067000 
   222.867662    -31.805946     -8.095872      7.978000 
   222.867674    -31.788029     -8.144808      8.177000 
   222.867685    -31.770103     -8.193742      7.591001 
   222.867697    -31.752174     -8.242675      7.367001 
   222.867708    -31.734238     -8.291607      8.215000 
   222.867720    -31.716297     -8.340537      7.760000 
   222.867731    -31.698350     -8.389465      7.464000 
   222.867743    -31.680400     -8.438393      7.104001 
   222.867755    -31.662441     -8.487319      7.357000 
   222.867766    -31.644480     -8.536243      7.584001 
   222.867778    -31.626510     -8.585167      7.297000 
   222.867789    -31.608538     -8.634088      6.784000 
   222.867801    -31.590557     -8.683009      7.444000 
   222.867812    -31.572570     -8.731927      7.337000 
   222.867824    -31.554580     -8.780845      7.564000 
   222.867836    -31.536583     -8.829761      7.064000 
   222.867847    -31.518580     -8.878675      7.134000 
   222.867859    -31.500570     -8.927589      7.034000 
   222.867870    -31.482555     -8.976500      6.929000 
   222.867882    -31.464537     -9.025410      7.144000 
   222.867894    -31.446508     -9.074319      7.280000 
   222.867905    -31.428476     -9.123226      7.850000 
   222.867917    -31.410439     -9.172132      7.357000 
   222.867928    -31.392393     -9.221036      7.124001 
   222.867940    -31.374344     -9.269938      7.504000 
   222.867951    -31.356285     -9.318839      7.464000 
   222.867963    -31.338223     -9.367739      7.564000 
   222.867975    -31.320154     -9.416637      7.417000 
   222.867986    -31.302078     -9.465533      7.034000 
   222.867998    -31.283997     -9.514428      7.417000 
   222.868009    -31.265907     -9.563321      7.564000 
   222.868021    -31.247814     -9.612213      7.270001 
   222.868032    -31.229713     -9.661103      7.337000 
   222.868044    -31.211605     -9.709991      7.888001 
   222.868056    -31.193493     -9.758878      7.357000 
   222.868067    -31.175373     -9.807763      6.889000 
   222.868079    -31.157246     -9.856647      7.387001 
   222.868090    -31.139112     -9.905529      7.820000 
   222.868102    -31.120974     -9.954409      8.057000 
   222.868113    -31.102827    -10.003288      7.417000 
   222.868125    -31.084675    -10.052165      7.611001 
   222.868137    -31.066515    -10.101040      8.028001 
   222.868148    -31.048347    -10.149914      7.437000 
   222.868160    -31.030174    -10.198786      7.860001 
   222.868171    -31.011995    -10.247656      8.107000 
   222.868183    -30.993809    -10.296524      8.474000 
   222.868194    -30.975615    -10.345391      8.464001 
   222.868206    -30.957415    -10.394256      9.384001 
   222.868218    -30.939207    -10.443120      9.536000 
   222.868229    -30.920994    -10.491981      9.214001 
   222.868241    -30.902773    -10.540841      6.467001 
   222.868252    -30.884542    -10.589699      8.295000 
   222.868264    -30.866308    -10.638555      8.482000 
   222.868275    -30.848064    -10.687410      8.582001 
   222.868287    -30.829817    -10.736263      8.185000 
   222.868299    -30.811560    -10.785114      8.225000 
   222.868310    -30.793295    -10.833963      7.840000 
   222.868322    -30.775023    -10.882810      8.750000 
   222.868333    -30.756744    -10.931656      8.137000 
   222.868345    -30.738459    -10.980500      8.245001 
   222.868356    -30.720165    -11.029341      7.978000 
   222.868368    -30.701864    -11.078181      8.077001 
   222.868380    -30.683558    -11.127020      8.167001 
   222.868391    -30.665241    -11.175856      8.305000 
   222.868403    -30.646917    -11.224690      8.195001 
   222.868414    -30.628588    -11.273523      8.424001 
   222.868426    -30.610249    -11.322354      8.107000 
   222.868437    -30.591904    -11.371182      8.117001 
   222.868449    -30.573550    -11.420009      8.464001 
   222.868461    -30.555190    -11.468834      7.731000 
   222.868472    -30.536820    -11.517657      7.504000 
   222.868484    -30.518444    -11.566478      8.137000 
   222.868495    -30.500060    -11.615297      8.097000 
   222.868507    -30.481667    -11.664115      8.265000 
   222.868519    -30.463266    -11.712930      8.057000 
   222.868530    -30.444859    -11.761743      8.018001 
   222.868542    -30.426443    -11.810554      7.978000 
   222.868553    -30.408020    -11.859364      8.107000 
   222.868565    -30.389587    -11.908171      8.414001 
   222.868576    -30.371147    -11.956976      8.008000 
   225.322315    -31.987495    -11.977698      8.542001 
   225.322326    -31.969053    -11.928895      8.750000 
   225.322338    -31.950623    -11.880090      8.700001 
   225.322350    -31.932198    -11.831283      8.235001 
   225.322361    -31.913780    -11.782474      8.798000 
   225.322373    -31.895372    -11.733663      8.384001 
   225.322384    -31.876970    -11.684850      8.117001 
   225.322396    -31.858578    -11.636035      8.057000 
   225.322407    -31.840193    -11.587219      8.542001 
   225.322419    -31.821815    -11.538400      8.788000 
   225.322431    -31.803446    -11.489579      8.454000 
   225.322442    -31.785084    -11.440756      8.976001 
   225.322454    -31.766730    -11.391932      8.700001 
   225.322465    -31.748384    -11.343105      8.522000 
   225.322477    -31.730045    -11.294277      8.602000 
   225.322488    -31.711714    -11.245446      8.512000 
   225.322500    -31.693390    -11.196614      9.026000 
   225.322512    -31.675074    -11.147780      8.908000 
   225.322523    -31.656765    -11.098944      8.996000 
   225.322535    -31.638464    -11.050106      8.798000 
   225.322546    -31.620170    -11.001266      9.084001 
   225.322558    -31.601883    -10.952425      9.104000 
   225.322569    -31.583605    -10.903582      9.056001 
   225.322581    -31.565332    -10.854736      8.918000 
   225.322593    -31.547068    -10.805889      8.344001 
   225.322604    -31.528810    -10.757041      8.630000 
   225.322616    -31.510560    -10.708190      8.215000 
   225.322627    -31.492317    -10.659338      8.167001 
   225.322639    -31.474081    -10.610483      9.254001 
   225.322650    -31.455853    -10.561628     10.104000 
   225.322662    -31.437632    -10.512770      9.961000 
   225.322674    -31.419416    -10.463910      9.556001 
   225.322685    -31.401209    -10.415049      9.284000 
   225.322697    -31.383007    -10.366186      9.737000 
   225.322708    -31.364813    -10.317322      9.444000 
   225.322720    -31.346626    -10.268455      8.740001 
   225.322731    -31.328445    -10.219587      8.067000 
   225.322743    -31.310272    -10.170717      8.788000 
   225.322755    -31.292107    -10.121846      9.404000 
   225.322766    -31.273947    -10.072973      9.006001 
   225.322778    -31.255793    -10.024098      9.194000 
   225.322789    -31.237646     -9.975222      9.787001 
   225.322801    -31.219505     -9.926343      8.956000 
   225.322812    -31.201372     -9.877464      8.868000 
   225.322824    -31.183247     -9.828582      8.700001 
   225.322836    -31.165127     -9.779699      8.542001 
   225.322847    -31.147013     -9.730814      9.364000 
   225.322859    -31.128904     -9.681928     10.352000 
   225.322870    -31.110804     -9.633040      9.464001 
   225.322882    -31.092710     -9.584151      8.818001 
   225.322894    -31.074621     -9.535260      7.407000 
   225.322905    -31.056540     -9.486367      9.016001 
   225.322917    -31.038464     -9.437473      9.971001 
   225.322928    -31.020395     -9.388577      8.592000 
   225.322940    -31.002333     -9.339679      9.526000 
   225.322951    -30.984276     -9.290780      9.174001 
   225.322963    -30.966225     -9.241880      8.157001 
   225.322975    -30.948180     -9.192978      8.127001 
   225.322986    -30.930141     -9.144074      8.067000 
   225.322998    -30.912107     -9.095169      8.562000 
   225.323009    -30.894081     -9.046263      9.084001 
   225.323021    -30.876060     -8.997355      9.384001 
   225.323032    -30.858046     -8.948445      8.245001 
   225.323044    -30.840036     -8.899534     10.044001 
   225.323056    -30.822035     -8.850622     10.507001 
   225.323067    -30.804037     -8.801708      8.858001 
   225.323079    -30.786045     -8.752793      7.731000 
   225.323090    -30.768060     -8.703876      9.984000 
   225.323102    -30.750080     -8.654958     12.996000 
   225.323113    -30.732107     -8.606038     13.306001 
   225.323125    -30.714138     -8.557117      9.576000 
   225.323137    -30.696175     -8.508194      9.777000 
   225.323148    -30.678219     -8.459270     13.803000 
   225.323171    -30.642320     -8.361418      4.990000 
   225.323183    -30.624380     -8.312490     12.500001 
   225.323194    -30.606445     -8.263561     11.516001 
   225.323206    -30.588514     -8.214630      9.294001 
   225.323218    -30.570591     -8.165698      8.275001 
   225.323229    -30.552671     -8.116764      8.522000 
   225.323241    -30.534758     -8.067830      7.938000 
   225.323252    -30.516850     -8.018893      7.417000 
   225.834525    -29.005362     -8.004201      8.364000 
   225.834537    -28.987453     -8.053140      9.314000 
   225.834549    -28.969540     -8.102077      8.195001 
   225.834560    -28.951620     -8.151013      7.210000 
   225.834572    -28.933697     -8.199948      8.622001 
   225.834583    -28.915766     -8.248881      9.294001 
   225.834595    -28.897831     -8.297813      9.144000 
   225.834606    -28.879890     -8.346744      8.295000 
   225.834618    -28.861944     -8.395673      9.224000 
   225.834630    -28.843992     -8.444601      9.046000 
   225.834641    -28.826035     -8.493528      8.770000 
   225.834653    -28.808073     -8.542453      8.750000 
   225.834664    -28.790104     -8.591377      9.204000 
   225.834676    -28.772130     -8.640299      8.552000 
   225.834688    -28.754150     -8.689220      8.760000 
   225.834699    -28.736164     -8.738139      8.374001 
   225.834711    -28.718174     -8.787057      8.778001 
   225.834722    -28.700176     -8.835974      8.384001 
   225.834734    -28.682175     -8.884889      8.542001 
   225.834745    -28.664165     -8.933802      8.424001 
   225.834757    -28.646150     -8.982714      8.444000 
   225.834769    -28.628132     -9.031625      8.205000 
   225.834780    -28.610104     -9.080534      7.870000 
   225.834792    -28.592072     -9.129442      8.215000 
   225.834803    -28.574034     -9.178348      8.464001 
   225.834815    -28.555988     -9.227253      8.720000 
   225.834826    -28.537937     -9.276156      7.780000 
   225.834838    -28.519882     -9.325057      7.230001 
   225.834850    -28.501820     -9.373957      7.444000 
   225.834861    -28.483750     -9.422856      8.454000 
   225.834873    -28.465673     -9.471752      9.046000 
   225.834884    -28.447594     -9.520648      8.275001 
   225.834896    -28.429504     -9.569542      8.018001 
   225.834907    -28.411410     -9.618434      7.574000 
   225.834919    -28.393310     -9.667324      8.215000 
   225.834931    -28.375202     -9.716213      8.444000 
   225.834942    -28.357088     -9.765101      8.552000 
   225.834954    -28.338968     -9.813986      8.808001 
   225.834965    -28.320843     -9.862870      8.858001 
   225.834977    -28.302710     -9.911753      8.730000 
   225.834988    -28.284570     -9.960634      8.582001 
   225.835000    -28.266424    -10.009513      8.205000 
   225.835012    -28.248272    -10.058390      8.512000 
   225.835023    -28.230110    -10.107266      8.295000 
   225.835035    -28.211945    -10.156140      8.215000 
   225.835046    -28.193771    -10.205013      7.514000 
   225.835058    -28.175592    -10.253883      8.374001 
   225.835069    -28.157406    -10.302752      7.948000 
   225.835081    -28.139212    -10.351620      7.870000 
   225.835093    -28.121012    -10.400485      8.185000 
   225.835104    -28.102804    -10.449349      8.018001 
   225.835116    -28.084590    -10.498211      8.057000 
   225.835127    -28.066368    -10.547071      8.275001 
   225.835139    -28.048140    -10.595930      7.661000 
   225.835150    -28.029905    -10.644787      8.315001 
   225.835162    -28.011662    -10.693642      8.028001 
   228.289201    -29.151049    -11.973693      7.270001 
   228.289213    -29.132610    -11.924889      7.367001 
   228.289225    -29.114178    -11.876084      7.170001 
   228.289236    -29.095755    -11.827276      6.889000 
   228.289248    -29.077340    -11.778467      6.919000 
   228.289259    -29.058931    -11.729656      7.544000 
   228.289271    -29.040531    -11.680842      6.999001 
   228.289282    -29.022140    -11.632027      7.437000 
   228.289294    -29.003757    -11.583210      7.024000 
   228.289306    -28.985380    -11.534391      7.180000 
   228.289317    -28.967012    -11.485569      7.297000 
   228.289329    -28.948650    -11.436746      6.754000 
   228.289340    -28.930300    -11.387921      6.999001 
   228.289352    -28.911953    -11.339095      6.754000 
   228.289363    -28.893616    -11.290266      6.784000 
   228.289375    -28.875284    -11.241435      6.427001 
   228.289387    -28.856962    -11.192603      7.240000 
   228.289398    -28.838648    -11.143768      6.929000 
   228.289410    -28.820340    -11.094932      5.795000 
   228.289421    -28.802040    -11.046094      6.680000 
   228.289433    -28.783747    -10.997254      7.297000 
   228.289444    -28.765463    -10.948412      7.641000 
   228.289456    -28.747185    -10.899568      7.074000 
   228.289468    -28.728912    -10.850723      7.317000 
   228.289479    -28.710650    -10.801875      8.107000 
   228.289491    -28.692392    -10.753026      7.830000 
   228.289502    -28.674145    -10.704175      7.230001 
   228.289514    -28.655903    -10.655322      8.265000 
   228.289525    -28.637669    -10.606468      8.464001 
   228.289537    -28.619440    -10.557612      8.838000 
   228.289549    -28.601220    -10.508754      8.265000 
   228.289560    -28.583006    -10.459894      8.067000 
   228.289572    -28.564798    -10.411032      7.160000 
   228.289583    -28.546598    -10.362169      8.097000 
   228.289595    -28.528406    -10.313304      8.700001 
   228.289606    -28.510220    -10.264438      7.998000 
   228.289618    -28.492040    -10.215569      7.958000 
   228.289630    -28.473870    -10.166699      8.502001 
   228.289641    -28.455704    -10.117827      9.104000 
   228.289653    -28.437544    -10.068954      8.640000 
   228.289664    -28.419392    -10.020079      9.036000 
   228.289676    -28.401247     -9.971202      8.185000 
   228.289687    -28.383108     -9.922323      8.474000 
   228.289699    -28.364975     -9.873443      8.215000 
   228.289711    -28.346850     -9.824561      8.542001 
   228.289722    -28.328730     -9.775678      8.404000 
   228.289734    -28.310617     -9.726793      8.444000 
   228.289745    -28.292511     -9.677906      8.245001 
   228.289757    -28.274412     -9.629018      8.384001 
   228.289769    -28.256317     -9.580128      8.482000 
   228.289780    -28.238232     -9.531237      8.394000 
   228.289792    -28.220150     -9.482344      8.354000 
   228.289803    -28.202076     -9.433449      8.898001 
   228.289815    -28.184008     -9.384553      8.996000 
   228.289826    -28.165945     -9.335655      9.504001 
   228.289838    -28.147888     -9.286756      7.721000 
   228.289850    -28.129839     -9.237855      7.731000 
   228.289861    -28.111795     -9.188953     10.612000 
   228.289873    -28.093758     -9.140049     11.287001 
   228.289884    -28.075727     -9.091144      9.707001 
   228.289896    -28.057701     -9.042237     10.178000 
   228.289907    -28.039680     -8.993329      9.294001 
   228.289919    -28.021667     -8.944419      9.124001 
   228.289931    -28.003660     -8.895508      9.384001 
   232.783287    -31.835154     -8.020035     10.742001 
   232.783299    -31.817244     -8.068974     10.547001 
   232.783310    -31.799328     -8.117911     10.114000 
   232.783322    -31.781406     -8.166847     10.332001 
   232.783333    -31.763481     -8.215781      9.797001 
   232.783345    -31.745550     -8.264714     10.148001 
   232.783356    -31.727613     -8.313646     10.332001 
   232.783368    -31.709670     -8.362576      9.817000 
   232.783380    -31.691723     -8.411505      9.596001 
   232.783391    -31.673769     -8.460433     10.104000 
   232.783403    -31.655810     -8.509359      9.851001 
   232.783414    -31.637844     -8.558284      9.546000 
   232.783426    -31.619875     -8.607207      9.747001 
   232.783438    -31.601898     -8.656129      9.536000 
   232.783449    -31.583918     -8.705049      9.474000 
   232.783461    -31.565930     -8.753968      9.757001 
   232.783472    -31.547937     -8.802886      9.851001 
   232.783484    -31.529940     -8.851802      9.184000 
   232.783495    -31.511934     -8.900717      9.214001 
   232.783507    -31.493923     -8.949630      9.626000 
   232.783519    -31.475906     -8.998542      9.094001 
   232.783530    -31.457884     -9.047452      9.807000 
   232.783542    -31.439856     -9.096361      9.576000 
   232.783553    -31.421822     -9.145268     10.477000 
   232.783565    -31.403782     -9.194174     10.124001 
   232.783576    -31.385735     -9.243078      9.354000 
   232.783588    -31.367682     -9.291981     10.537001 
   232.783600    -31.349623     -9.340882      9.921000 
   232.783611    -31.331558     -9.389782     10.138001 
   232.783623    -31.313486     -9.438680      8.740001 
   232.783634    -31.295410     -9.487576     10.168000 
   232.783646    -31.277327     -9.536471     11.130000 
   232.783657    -31.259235     -9.585364     10.004001 
   232.783669    -31.241140     -9.634256      9.787001 
   232.783681    -31.223038     -9.683146     10.124001 
   232.783692    -31.204927     -9.732035     10.392000 
   232.783704    -31.186811     -9.780922     10.422001 
   232.783715    -31.168690     -9.829807     10.577001 
   232.783727    -31.150560     -9.878691     10.084001 
   232.783738    -31.132425     -9.927573     10.557000 
   232.783750    -31.114285     -9.976453      9.787001 
   232.783762    -31.096136    -10.025332     10.567000 
   232.783773    -31.077982    -10.074209     10.124001 
   232.783785    -31.059818    -10.123084      9.484000 
   232.783796    -31.041650    -10.171958     10.034000 
   232.783808    -31.023476    -10.220830     10.014001 
   232.783819    -31.005293    -10.269700     10.024000 
   232.783831    -30.987104    -10.318569      9.474000 
   232.783843    -30.968908    -10.367436      9.807000 
   232.783854    -30.950706    -10.416301      9.767000 
   232.783866    -30.932495    -10.465164      9.606001 
   232.783877    -30.914280    -10.514026      9.124001 
   232.783889    -30.896055    -10.562886      9.504001 
   232.783900    -30.877825    -10.611744      9.586000 
   232.783912    -30.859587    -10.660600      9.244000 
   232.783924    -30.841343    -10.709455      9.244000 
   232.783935    -30.823090    -10.758308      9.214001 
   232.783947    -30.804830    -10.807159      9.484000 
   232.783958    -30.786566    -10.856008      9.656000 
   232.783970    -30.768291    -10.904855      9.334001 
   232.783981    -30.750010    -10.953701      9.424001 
   232.783993    -30.731722    -11.002545      9.514001 
   232.784005    -30.713427    -11.051387      9.036000 
   232.784016    -30.695124    -11.100227      9.384001 
   232.784028    -30.676811    -11.149065      9.787001 
   232.784039    -30.658495    -11.197901      9.831000 
   232.784051    -30.640167    -11.246735      9.556001 
   232.784062    -30.621836    -11.295568      9.747001 
   232.784074    -30.603495    -11.344399      9.807000 
   232.784086    -30.585146    -11.393227      9.646001 
   232.784097    -30.566790    -11.442054      9.831000 
   232.784109    -30.548426    -11.490879      9.747001 
   232.784120    -30.530054    -11.539702      9.616000 
   232.784132    -30.511677    -11.588523      9.951000 
   232.784144    -30.493290    -11.637342      9.384001 
   232.784155    -30.474894    -11.686159      9.454000 
   232.784167    -30.456491    -11.734974      9.244000 
   232.784178    -30.438082    -11.783788      9.264001 
   232.784190    -30.419662    -11.832599      8.858001 
   232.784201    -30.401236    -11.881408      9.036000 
   232.784213    -30.382801    -11.930215      8.630000 
   232.784225    -30.364359    -11.979020      8.778001 
   235.237963    -31.980188    -11.955411      9.104000 
   235.237975    -31.961752    -11.906607      9.194000 
   235.237986    -31.943323    -11.857801      8.444000 
   235.237998    -31.924904    -11.808993      7.731000 
   235.238009    -31.906492    -11.760183      8.265000 
   235.238021    -31.888088    -11.711372      8.315001 
   235.238032    -31.869692    -11.662558      8.018001 
   235.238044    -31.851303    -11.613742      8.255000 
   235.238056    -31.832924    -11.564924      8.908000 
   235.238067    -31.814550    -11.516104      8.384001 
   235.238079    -31.796186    -11.467282      8.630000 
   235.238090    -31.777828    -11.418459      8.898001 
   235.238102    -31.759480    -11.369633      8.177000 
   235.238113    -31.741137    -11.320806      8.602000 
   235.238125    -31.722803    -11.271976      8.750000 
   235.238137    -31.704475    -11.223145      8.404000 
   235.238148    -31.686157    -11.174312      7.958000 
   235.238160    -31.667847    -11.125477      7.928000 
   235.238171    -31.649542    -11.076640      8.185000 
   235.238183    -31.631245    -11.027801      8.414001 
   235.238194    -31.612955    -10.978961      8.512000 
   235.238206    -31.594673    -10.930119      8.720000 
   235.238218    -31.576399    -10.881274      8.127001 
   235.238229    -31.558130    -10.832428      7.938000 
   235.238241    -31.539871    -10.783580      7.968000 
   235.238252    -31.521618    -10.734731      8.730000 
   235.238264    -31.503372    -10.685879      8.640000 
   235.238275    -31.485132    -10.637026      8.185000 
   235.238287    -31.466902    -10.588171      8.482000 
   235.238299    -31.448677    -10.539314      7.721000 
   235.238310    -31.430460    -10.490456      7.978000 
   235.238322    -31.412249    -10.441596      8.185000 
   235.238333    -31.394047    -10.392734      7.800000 
   235.238345    -31.375849    -10.343870      7.800000 
   235.238356    -31.357660    -10.295004      7.671000 
   235.238368    -31.339478    -10.246137      7.938000 
   235.238380    -31.321300    -10.197268      7.760000 
   235.238391    -31.303131    -10.148398      7.074000 
   235.238403    -31.284970    -10.099525      7.250000 
   235.238414    -31.266813    -10.050651      7.584001 
   235.238426    -31.248665    -10.001776      7.074000 
   235.238437    -31.230522     -9.952899      8.454000 
   235.238449    -31.212385     -9.904020      8.612000 
   235.238461    -31.194258     -9.855139      7.958000 
   235.238472    -31.176134     -9.806257      8.067000 
   235.238484    -31.158018     -9.757373      8.404000 
   235.238495    -31.139908     -9.708487      7.134000 
   235.238507    -31.121805     -9.659600      8.630000 
   235.238519    -31.103708     -9.610712      7.918000 
   235.238530    -31.085617     -9.561821      8.205000 
   235.238542    -31.067533     -9.512930      8.107000 
   235.238553    -31.049456     -9.464036      8.185000 
   235.238565    -31.031384     -9.415141      9.114000 
   235.238576    -31.013317     -9.366245      9.114000 
   235.238588    -30.995258     -9.317346      8.434000 
   235.238600    -30.977205     -9.268447      8.334001 
   235.238611    -30.959160     -9.219546      8.582001 
   235.238623    -30.941118     -9.170643      8.808001 
   235.238634    -30.923084     -9.121739      8.532001 
   235.238646    -30.905054     -9.072833      9.066000 
   235.238657    -30.887032     -9.023926      8.354000 
   235.238669    -30.869015     -8.975017      9.056001 
   235.238681    -30.851004     -8.926107      8.512000 
   235.238692    -30.832998     -8.877195      8.650001 
   235.238704    -30.815000     -8.828282      8.858001 
   235.238715    -30.797007     -8.779367      8.502001 
   235.238727    -30.779018     -8.730451      8.325001 
   235.238738    -30.761038     -8.681534      8.750000 
   235.238750    -30.743061     -8.632615      8.770000 
   235.238762    -30.725092     -8.583695      8.512000 
   235.238773    -30.707127     -8.534773      8.177000 
   235.238785    -30.689167     -8.485850      8.670000 
   235.238796    -30.671213     -8.436925      8.650001 
   235.238808    -30.653267     -8.387999      8.976001 
   235.238819    -30.635323     -8.339072      8.720000 
   235.238831    -30.617386     -8.290143      8.898001 
   235.238843    -30.599455     -8.241213      9.284000 
   235.238854    -30.581528     -8.192281      8.177000 
   235.238866    -30.563608     -8.143349      7.820000 
   235.238877    -30.545692     -8.094415      8.444000 
   235.238889    -30.527782     -8.045479      9.134001 
   235.750174    -28.998783     -8.026556      8.512000 
   235.750185    -28.980873     -8.075495      8.077001 
   235.750197    -28.962957     -8.124433      8.710000 
   235.750208    -28.945038     -8.173369      8.818001 
   235.750220    -28.927113     -8.222304      7.601000 
   235.750231    -28.909180     -8.271238      8.344001 
   235.750243    -28.891243     -8.320170      9.264001 
   235.750255    -28.873300     -8.369101      8.966001 
   235.750266    -28.855352     -8.418030      7.230001 
   235.750278    -28.837400     -8.466959      7.584001 
   235.750289    -28.819440     -8.515885      9.526000 
   235.750301    -28.801476     -8.564811      8.946000 
   235.750313    -28.783506     -8.613734      8.147000 
   235.750324    -28.765530     -8.662657      8.670000 
   235.750336    -28.747550     -8.711578      8.305000 
   235.750347    -28.729563     -8.760498      8.612000 
   235.750359    -28.711569     -8.809416      9.514001 
   235.750370    -28.693570     -8.858332      9.344001 
   235.750382    -28.675566     -8.907248      9.164001 
   235.750394    -28.657555     -8.956161      9.494000 
   235.750405    -28.639538     -9.005074      9.971001 
   235.750417    -28.621515     -9.053985      9.787001 
   235.750428    -28.603487     -9.102894      9.494000 
   235.750440    -28.585453     -9.151802     10.168000 
   235.750451    -28.567411     -9.200708      9.747001 
   235.750463    -28.549366     -9.249613      9.374001 
   235.750475    -28.531313     -9.298516      9.344001 
   235.750486    -28.513254     -9.347418      9.536000 
   235.750498    -28.495190     -9.396318      9.556001 
   235.750509    -28.477118     -9.445216      9.666000 
   235.750521    -28.459042     -9.494113      9.384001 
   235.750532    -28.440956     -9.543009      9.851001 
   235.750544    -28.422867     -9.591903      9.666000 
   235.750556    -28.404772     -9.640795      9.727000 
   235.750567    -28.386667     -9.689686      9.646001 
   235.750579    -28.368559     -9.738575      8.908000 
   235.750590    -28.350443     -9.787462      9.234000 
   235.750602    -28.332321     -9.836348      8.364000 
   235.750613    -28.314192     -9.885232      9.036000 
   235.750625    -28.296057     -9.934115      9.056001 
   235.750637    -28.277914     -9.982996      8.562000 
   235.750648    -28.259766    -10.031875      8.858001 
   235.750660    -28.241611    -10.080752      9.006001 
   235.750671    -28.223450    -10.129628      9.244000 
   235.750683    -28.205280    -10.178502      9.354000 
   235.750694    -28.187105    -10.227375      9.444000 
   235.750706    -28.168922    -10.276246      9.094001 
   235.750718    -28.150734    -10.325115      9.484000 
   235.750729    -28.132538    -10.373982      9.394000 
   235.750741    -28.114336    -10.422848     10.034000 
   235.750752    -28.096127    -10.471712      9.144000 
   235.750764    -28.077910    -10.520574      9.224000 
   235.750775    -28.059685    -10.569434      9.144000 
   235.750787    -28.041454    -10.618293     10.024000 
   235.750799    -28.023216    -10.667150      9.404000 
   235.750810    -28.004970    -10.716005      9.344001 
   238.204838    -29.161688    -11.999853      6.899000 
   238.204850    -29.143246    -11.951051      7.270001 
   238.204861    -29.124811    -11.902246      7.034000 
   238.204873    -29.106384    -11.853439      6.680000 
   238.204884    -29.087967    -11.804631      7.150001 
   238.204896    -29.069557    -11.755820      7.114000 
   238.204907    -29.051155    -11.707008      7.144000 
   238.204919    -29.032760    -11.658193      6.889000 
   238.204931    -29.014374    -11.609377      5.887000 
   238.204942    -28.995995    -11.560558      6.334000 
   238.204954    -28.977625    -11.511738      6.384000 
   238.204965    -28.959260    -11.462915      6.089000 
   238.204977    -28.940905    -11.414091      6.557000 
   238.204988    -28.922558    -11.365265      6.537000 
   238.205000    -28.904219    -11.316437      5.887000 
   238.205012    -28.885885    -11.267607      6.211000 
   238.205023    -28.867560    -11.218775      6.979001 
   238.205035    -28.849243    -11.169941      7.014000 
   238.205046    -28.830933    -11.121106      6.640000 
   238.205058    -28.812630    -11.072268      6.784000 
   238.205069    -28.794334    -11.023429      7.180000 
   238.205081    -28.776047    -10.974588      6.899000 
   238.205093    -28.757767    -10.925745      7.524000 
   238.205104    -28.739494    -10.876900      6.899000 
   238.205116    -28.721228    -10.828053      6.427001 
   238.205127    -28.702970    -10.779205      6.814000 
   238.205139    -28.684717    -10.730354      6.700000 
   238.205150    -28.666473    -10.681502      6.139000 
   238.205162    -28.648237    -10.632648      6.507000 
   238.205174    -28.630007    -10.583793      6.537000 
   238.205185    -28.611784    -10.534935      6.814000 
   238.205197    -28.593569    -10.486076      6.620000 
   238.205208    -28.575360    -10.437215      6.467001 
   238.205220    -28.557158    -10.388353      6.700000 
   238.205231    -28.538963    -10.339488      6.404000 
   238.205243    -28.520775    -10.290622      6.650000 
   238.205255    -28.502592    -10.241755      6.580000 
   238.205266    -28.484419    -10.192885      6.630000 
   238.205278    -28.466251    -10.144014      6.161000 
   238.205289    -28.448092    -10.095141      6.650000 
   238.205301    -28.429935    -10.046267      6.774000 
   238.205313    -28.411789     -9.997390      6.854000 
   238.205324    -28.393648     -9.948512      6.814000 
   238.205336    -28.375513     -9.899633      7.484000 
   238.205347    -28.357386     -9.850752      7.898000 
   238.205359    -28.339266     -9.801869      7.880001 
   238.205370    -28.321152     -9.752984      8.512000 
   238.205382    -28.303041     -9.704098      7.928000 
   238.205394    -28.284940     -9.655211      8.077001 
   238.205405    -28.266846     -9.606321      8.315001 
   238.205417    -28.248756     -9.557431      8.690001 
   238.205428    -28.230675     -9.508538      8.344001 
   238.205440    -28.212599     -9.459644      8.295000 
   238.205451    -28.194527     -9.410748      8.622001 
   238.205463    -28.176464     -9.361851      8.918000 
   238.205475    -28.158405     -9.312953      8.434000 
   238.205486    -28.140354     -9.264052      8.502001 
   238.205498    -28.122309     -9.215151      8.424001 
   238.205509    -28.104270     -9.166247      8.502001 
   238.205521    -28.086237     -9.117342      8.562000 
   238.205532    -28.068209     -9.068436      8.710000 
   238.205544    -28.050188     -9.019528      8.344001 
   238.205556    -28.032173     -8.970619      9.384001 
   238.205567    -28.014164     -8.921708      8.700001 
   242.698935    -31.827509     -8.039855      7.407000 
   242.698947    -31.809599     -8.088794      7.574000 
   242.698958    -31.791681     -8.137732      7.134000 
   242.698970    -31.773762     -8.186669      7.190001 
   242.698981    -31.755835     -8.235604      7.701000 
   242.698993    -31.737902     -8.284537      7.651001 
   242.699005    -31.719965     -8.333470      7.444000 
   242.699016    -31.702023     -8.382401      7.387001 
   242.699028    -31.684072     -8.431330      7.220000 
   242.699039    -31.666119     -8.480258      6.854000 
   242.699051    -31.648160     -8.529185      7.524000 
   242.699063    -31.630196     -8.578111      6.650000 
   242.699074    -31.612225     -8.627035      7.094000 
   242.699086    -31.594248     -8.675957      6.754000 
   242.699097    -31.576265     -8.724878      7.114000 
   242.699109    -31.558277     -8.773798      6.724000 
   242.699120    -31.540283     -8.822716      7.044000 
   242.699132    -31.522284     -8.871633      6.610000 
   242.699144    -31.504278     -8.920548      6.079001 
   242.699155    -31.486267     -8.969462      6.570000 
   242.699167    -31.468250     -9.018375      6.814000 
   242.699178    -31.450228     -9.067285      6.527000 
   242.699190    -31.432198     -9.116195      7.210000 
   242.699201    -31.414164     -9.165103      6.424000 
   242.699213    -31.396120     -9.214009      6.879000 
   242.699225    -31.378075     -9.262914      7.260000 
   242.699236    -31.360022     -9.311817      6.221000 
   242.699248    -31.341960     -9.360719      6.969000 
   242.699259    -31.323895     -9.409619      6.710000 
   242.699271    -31.305822     -9.458518      6.660000 
   242.699282    -31.287745     -9.507415      7.014000 
   242.699294    -31.269660     -9.556310      7.220000 
   242.699306    -31.251570     -9.605204      6.304000 
   242.699317    -31.233473     -9.654096      6.517000 
   242.699329    -31.215368     -9.702987      6.537000 
   242.699340    -31.197260     -9.751876      6.660000 
   242.699352    -31.179142     -9.800764      7.210000 
   242.699363    -31.161018     -9.849649      6.784000 
   242.699375    -31.142889     -9.898534      7.074000 
   242.699387    -31.124754     -9.947416      7.054000 
   242.699398    -31.106610     -9.996297      7.524000 
   242.699410    -31.088460    -10.045176      7.220000 
   242.699421    -31.070305    -10.094054      7.427001 
   242.699433    -31.052141    -10.142930      7.054000 
   242.699444    -31.033974    -10.191804      7.134000 
   242.699456    -31.015797    -10.240677      7.180000 
   242.699468    -30.997614    -10.289547      7.297000 
   242.699479    -30.979424    -10.338416      7.200000 
   242.699491    -30.961226    -10.387284      7.514000 
   242.699502    -30.943022    -10.436150      6.899000 
   242.699514    -30.924812    -10.485013      7.240000 
   242.699525    -30.906593    -10.533876      7.290000 
   242.699537    -30.888369    -10.582736      7.651001 
   242.699549    -30.870136    -10.631595      7.407000 
   242.699560    -30.851898    -10.680451      7.357000 
   242.699572    -30.833652    -10.729307      7.968000 
   242.699583    -30.815400    -10.778160      8.107000 
   242.699595    -30.797138    -10.827011      7.544000 
   242.699606    -30.778872    -10.875861      7.948000 
   242.699618    -30.760595    -10.924709      7.220000 
   242.699630    -30.742313    -10.973555      7.014000 
   242.699641    -30.724024    -11.022399      7.584001 
   242.699653    -30.705727    -11.071241      7.397000 
   242.699664    -30.687422    -11.120082      6.959000 
   242.699676    -30.669110    -11.168920      7.280000 
   242.699688    -30.650791    -11.217757      6.457000 
   242.699699    -30.632463    -11.266592      6.477000 
   242.699711    -30.614128    -11.315425      6.241000 
   242.699722    -30.595787    -11.364256      6.477000 
   242.699734    -30.577436    -11.413085      6.680000 
   242.699745    -30.559080    -11.461913      6.557000 
   242.699757    -30.540714    -11.510738      6.171000 
   242.699769    -30.522343    -11.559561      6.281000 
   242.699780    -30.503962    -11.608383      7.064000 
   242.699792    -30.485573    -11.657202      8.037001 
   242.699803    -30.467176    -11.706020      7.750000 
   242.699815    -30.448772    -11.754835      6.999001 
   242.699826    -30.430360    -11.803649      6.507000 
   242.699838    -30.411940    -11.852461      6.919000 
   242.699850    -30.393513    -11.901270      7.474000 
   242.699861    -30.375076    -11.950078      7.104001 
   242.699873    -30.356632    -11.998883      7.270001 
